workload,algo,num_points,purity,qps
KDD99_F,Birch,48984,0.999918,500170
KDD99_F,Birch,97968,0.795035,479168
KDD99_F,Birch,146952,0.748469,462361
KDD99_F,Birch,195936,0.810739,434071
KDD99_F,Birch,244920,0.847689,398349
KDD99_F,Birch,293904,0.86993,352535
KDD99_F,Birch,342888,0.888509,304064
KDD99_F,Birch,391872,0.902445,269132
KDD99_F,Birch,440856,0.861209,236918
KDD99_F,Birch,489840,0.775088,214200
KDD99_F,Birch,538824,0.765844,214504
KDD99_F,Birch,587808,0.733743,219981
KDD99_F,Birch,636792,0.757298,222286
KDD99_F,Birch,685776,0.781208,211742
KDD99_F,Birch,734760,0.777297,221154
KDD99_F,Birch,783744,0.6643,223801
KDD99_F,Birch,832728,0.603192,215500
KDD99_F,Birch,881712,0.623512,207650
KDD99_F,Birch,930696,0.604265,198304
KDD99_F,Birch,979680,0.574052,192239
KDD99_F,Birch,1028664,0.76019,201608
KDD99_F,Birch,1077648,0.563472,204823
KDD99_F,Birch,1126632,0.594607,203047
KDD99_F,Birch,1175616,0.770528,177481
KDD99_F,Birch,1224600,0.795505,198663
KDD99_F,Birch,1273584,0.812441,191510
KDD99_F,Birch,1322568,0.667184,186060
KDD99_F,Birch,1371552,0.65092,189053
KDD99_F,Birch,1420536,0.633188,180947
KDD99_F,Birch,1469520,0.606724,185899
KDD99_F,Birch,1518504,0.808699,178167
KDD99_F,Birch,1567488,0.814677,192955
KDD99_F,Birch,1616472,0.820294,186985
KDD99_F,Birch,1665456,0.82558,186699
KDD99_F,Birch,1714440,0.830564,203603
KDD99_F,Birch,1763424,0.835271,208337
KDD99_F,Birch,1812408,0.839723,213707
KDD99_F,Birch,1861392,0.84394,221539
KDD99_F,Birch,1910376,0.847941,220080
KDD99_F,Birch,1959360,0.851743,228529
KDD99_F,Birch,2008344,0.855359,226428
KDD99_F,Birch,2057328,0.858803,220090
KDD99_F,Birch,2106312,0.862086,242390
KDD99_F,Birch,2155296,0.865221,237598
KDD99_F,Birch,2204280,0.868216,246910
KDD99_F,Birch,2253264,0.871081,251828
KDD99_F,Birch,2302248,0.873824,257688
KDD99_F,Birch,2351232,0.876452,254095
KDD99_F,Birch,2400216,0.878974,261564
KDD99_F,Birch,2449200,0.881394,257900
KDD99_F,Birch,2498184,0.88372,272535
KDD99_F,Birch,2547168,0.885956,275842
KDD99_F,Birch,2596152,0.888108,280239
KDD99_F,Birch,2645136,0.89018,281447
KDD99_F,Birch,2694120,0.892177,287934
KDD99_F,Birch,2743104,0.894102,281348
KDD99_F,Birch,2792088,0.89596,293200
KDD99_F,Birch,2841072,0.897754,286493
KDD99_F,Birch,2890056,0.899487,295345
KDD99_F,Birch,2939040,0.901162,303207
KDD99_F,Birch,2988024,0.902782,311126
KDD99_F,Birch,3037008,0.90435,311959
KDD99_F,Birch,3085992,0.905869,319187
KDD99_F,Birch,3134976,0.907339,318513
KDD99_F,Birch,3183960,0.908765,322948
KDD99_F,Birch,3232944,0.910147,326158
KDD99_F,Birch,3281928,0.911488,330282
KDD99_F,Birch,3330912,0.91279,330211
KDD99_F,Birch,3379896,0.914054,329675
KDD99_F,Birch,3428880,0.917936,319571
KDD99_F,Birch,3477864,0.912496,287623
KDD99_F,Birch,3526848,0.942975,320893
KDD99_F,Birch,3575832,0.943777,320897
KDD99_F,Birch,3624816,0.944551,324196
KDD99_F,Birch,3673800,0.957327,293161
KDD99_F,Birch,3722784,0.957259,325363
KDD99_F,Birch,3771768,0.960966,327845
KDD99_F,Birch,3820752,0.963302,292356
KDD99_F,Birch,3869736,0.965465,328834
KDD99_F,Birch,3918720,0.969157,321778
KDD99_F,Birch,3967704,0.94672,323735
KDD99_F,Birch,4016688,0.947331,314782
KDD99_F,Birch,4065672,0.947966,325160
KDD99_F,Birch,4114656,0.948585,322101
KDD99_F,Birch,4163640,0.949187,327490
KDD99_F,Birch,4212624,0.949776,333334
KDD99_F,Birch,4261608,0.950352,341816
KDD99_F,Birch,4310592,0.950915,290937
KDD99_F,Birch,4359576,0.951466,341968
KDD99_F,Birch,4408560,0.952005,328822
KDD99_F,Birch,4457544,0.952532,337161
KDD99_F,Birch,4506528,0.946335,333324
KDD99_F,Birch,4555512,0.941864,313152
KDD99_F,Birch,4604496,0.942642,334362
KDD99_F,Birch,4653480,0.943329,310409
KDD99_F,Birch,4702464,0.944029,336936
KDD99_F,Birch,4751448,0.944973,328136
KDD99_F,Birch,4800432,0.942263,307536
KDD99_F,Birch,4849416,0.94229,324334
KDD99_F,Birch,4898431,0.941589,319541
KDD99_F,StreamKMeans,48984,0.999918,11366.5
KDD99_F,StreamKMeans,97968,0.963131,13000.8
KDD99_F,StreamKMeans,146952,0.969698,13975.4
KDD99_F,StreamKMeans,195936,0.961171,13198.9
KDD99_F,StreamKMeans,244920,0.959673,12758.5
KDD99_F,StreamKMeans,293904,0.961287,12420.4
KDD99_F,StreamKMeans,342888,0.948665,12233.3
KDD99_F,StreamKMeans,391872,0.902445,12072
KDD99_F,StreamKMeans,440856,0.862731,12499.6
KDD99_F,StreamKMeans,489840,0.776456,13640.2
KDD99_F,StreamKMeans,538824,0.732497,13653.6
KDD99_F,StreamKMeans,587808,0.671352,13446.4
KDD99_F,StreamKMeans,636792,0.619709,13439.3
KDD99_F,StreamKMeans,685776,0.575444,13310.9
KDD99_F,StreamKMeans,734760,0.796856,13234.7
KDD99_F,StreamKMeans,783744,0.582172,13129.4
KDD99_F,StreamKMeans,832728,0.604911,13009.1
KDD99_F,StreamKMeans,881712,0.623529,12893.5
KDD99_F,StreamKMeans,930696,0.605705,13185.2
KDD99_F,StreamKMeans,979680,0.575419,13753.2
KDD99_F,StreamKMeans,1028664,0.561119,13907.5
KDD99_F,StreamKMeans,1077648,0.564685,13984.8
KDD99_F,StreamKMeans,1126632,0.545031,13828.8
KDD99_F,StreamKMeans,1175616,0.517627,13815.1
KDD99_F,StreamKMeans,1224600,0.49711,13784
KDD99_F,StreamKMeans,1273584,0.602219,13782.6
KDD99_F,StreamKMeans,1322568,0.460224,14165.4
KDD99_F,StreamKMeans,1371552,0.787193,14263.8
KDD99_F,StreamKMeans,1420536,0.475102,14052.5
KDD99_F,StreamKMeans,1469520,0.485522,14017.2
KDD99_F,StreamKMeans,1518504,0.676384,14423.4
KDD99_F,StreamKMeans,1567488,0.686511,14732.5
KDD99_F,StreamKMeans,1616472,0.510558,15043.1
KDD99_F,StreamKMeans,1665456,0.527032,15382.1
KDD99_F,StreamKMeans,1714440,0.541677,15778.3
KDD99_F,StreamKMeans,1763424,0.776929,16078.9
KDD99_F,StreamKMeans,1812408,0.782958,16549.9
KDD99_F,StreamKMeans,1861392,0.736027,16620.8
KDD99_F,StreamKMeans,1910376,0.742793,16968.1
KDD99_F,StreamKMeans,1959360,0.749225,17120.4
KDD99_F,StreamKMeans,2008344,0.755343,17320.3
KDD99_F,StreamKMeans,2057328,0.761169,17524
KDD99_F,StreamKMeans,2106312,0.766724,17754.8
KDD99_F,StreamKMeans,2155296,0.817487,18080.4
KDD99_F,StreamKMeans,2204280,0.821543,18299.4
KDD99_F,StreamKMeans,2253264,0.78194,18311.6
KDD99_F,StreamKMeans,2302248,0.786581,18551
KDD99_F,StreamKMeans,2351232,0.791028,18867.9
KDD99_F,StreamKMeans,2400216,0.795293,19094.2
KDD99_F,StreamKMeans,2449200,0.799387,19291.8
KDD99_F,StreamKMeans,2498184,0.803321,19307.5
KDD99_F,StreamKMeans,2547168,0.807104,19659.6
KDD99_F,StreamKMeans,2596152,0.810744,19877.7
KDD99_F,StreamKMeans,2645136,0.814249,20057.2
KDD99_F,StreamKMeans,2694120,0.817627,20164
KDD99_F,StreamKMeans,2743104,0.820884,20380.3
KDD99_F,StreamKMeans,2792088,0.824027,20429.2
KDD99_F,StreamKMeans,2841072,0.861542,20426.2
KDD99_F,StreamKMeans,2890056,0.829992,20615
KDD99_F,StreamKMeans,2939040,0.832826,21407.3
KDD99_F,StreamKMeans,2988024,0.835567,21510.1
KDD99_F,StreamKMeans,3037008,0.838219,21816.1
KDD99_F,StreamKMeans,3085992,0.623965,22071.5
KDD99_F,StreamKMeans,3134976,0.62984,22087.4
KDD99_F,StreamKMeans,3183960,0.845687,22581.6
KDD99_F,StreamKMeans,3232944,0.848025,22811.1
KDD99_F,StreamKMeans,3281928,0.850293,22885.9
KDD99_F,StreamKMeans,3330912,0.852495,23008.1
KDD99_F,StreamKMeans,3379896,0.656663,23460.3
KDD99_F,StreamKMeans,3428880,0.663719,23085.5
KDD99_F,StreamKMeans,3477864,0.643661,23006.7
KDD99_F,StreamKMeans,3526848,0.645245,22793.4
KDD99_F,StreamKMeans,3575832,0.63649,22398.8
KDD99_F,StreamKMeans,3624816,0.627298,22151.1
KDD99_F,StreamKMeans,3673800,0.621443,21794.5
KDD99_F,StreamKMeans,3722784,0.636005,21788.3
KDD99_F,StreamKMeans,3771768,0.605586,21619.3
KDD99_F,StreamKMeans,3820752,0.597273,21201.3
KDD99_F,StreamKMeans,3869736,0.589715,21226.3
KDD99_F,StreamKMeans,3918720,0.582356,20872.7
KDD99_F,StreamKMeans,3967704,0.585085,20888.6
KDD99_F,StreamKMeans,4016688,0.580414,20720.2
KDD99_F,StreamKMeans,4065672,0.585342,20529.4
KDD99_F,StreamKMeans,4114656,0.590279,20465.2
KDD99_F,StreamKMeans,4163640,0.604121,20516.1
KDD99_F,StreamKMeans,4212624,0.607584,20691.9
KDD99_F,StreamKMeans,4261608,0.613705,20845.5
KDD99_F,StreamKMeans,4310592,0.616531,21033.2
KDD99_F,StreamKMeans,4359576,0.622383,21057.4
KDD99_F,StreamKMeans,4408560,0.617595,21449.9
KDD99_F,StreamKMeans,4457544,0.630238,21571.2
KDD99_F,StreamKMeans,4506528,0.615699,21470.6
KDD99_F,StreamKMeans,4555512,0.608597,21279.1
KDD99_F,StreamKMeans,4604496,0.602163,21086.3
KDD99_F,StreamKMeans,4653480,0.603921,20946.4
KDD99_F,StreamKMeans,4702464,0.589617,20773.7
KDD99_F,StreamKMeans,4751448,0.583539,20625.4
KDD99_F,StreamKMeans,4800432,0.584545,20346.3
KDD99_F,StreamKMeans,4849416,0.60118,20366.3
KDD99_F,StreamKMeans,4898431,0.581972,20396.6
KDD99_F,CluStream,48984,0.999918,4719.31
KDD99_F,CluStream,97968,0.795035,7619.14
KDD99_F,CluStream,146952,0.748469,9530.8
KDD99_F,CluStream,195936,0.810739,10962.1
KDD99_F,CluStream,244920,0.847689,11922.4
KDD99_F,CluStream,293904,0.86993,12846.2
KDD99_F,CluStream,342888,0.888509,13523.2
KDD99_F,CluStream,391872,0.902445,14047.5
KDD99_F,CluStream,440856,0.861209,14308.6
KDD99_F,CluStream,489840,0.775088,14902.3
KDD99_F,CluStream,538824,0.729392,15238.4
KDD99_F,CluStream,587808,0.668609,15444.7
KDD99_F,CluStream,636792,0.617178,15533.1
KDD99_F,CluStream,685776,0.573094,15999.5
KDD99_F,CluStream,734760,0.553156,16170.7
KDD99_F,CluStream,783744,0,16360.6
KDD99_F,CluStream,832728,0,16522.6
KDD99_F,CluStream,881712,0,16641.6
KDD99_F,CluStream,930696,0,16765
KDD99_F,CluStream,979680,0,16852.7
KDD99_F,CluStream,1028664,0,16801.7
KDD99_F,CluStream,1077648,0,16975.1
KDD99_F,CluStream,1126632,0,17137.4
KDD99_F,CluStream,1175616,0,17073.5
KDD99_F,CluStream,1224600,0,16969
KDD99_F,CluStream,1273584,0,17324.4
KDD99_F,CluStream,1322568,0,17271.3
KDD99_F,CluStream,1371552,0,17422.4
KDD99_F,CluStream,1420536,0,17445.9
KDD99_F,CluStream,1469520,0,17556.7
KDD99_F,CluStream,1518504,0,17628
KDD99_F,CluStream,1567488,0,17651.1
KDD99_F,CluStream,1616472,0,17663.1
KDD99_F,CluStream,1665456,0,17574.5
KDD99_F,CluStream,1714440,0,17763.6
KDD99_F,CluStream,1763424,0,17832.3
KDD99_F,CluStream,1812408,0,17855.2
KDD99_F,CluStream,1861392,0,17671.4
KDD99_F,CluStream,1910376,0,17775.2
KDD99_F,CluStream,1959360,0,17797.6
KDD99_F,CluStream,2008344,0,17980.7
KDD99_F,CluStream,2057328,0,17840.7
KDD99_F,CluStream,2106312,0,17807.7
KDD99_F,CluStream,2155296,0,18129.2
KDD99_F,CluStream,2204280,0,18009.6
KDD99_F,CluStream,2253264,0,18128.9
KDD99_F,CluStream,2302248,0,18063.7
KDD99_F,CluStream,2351232,0,18166.2
KDD99_F,CluStream,2400216,0,18194.1
KDD99_F,CluStream,2449200,0,18158.9
KDD99_F,CluStream,2498184,0,18065
KDD99_F,CluStream,2547168,0,18220.1
KDD99_F,CluStream,2596152,0,18060
KDD99_F,CluStream,2645136,0,18337.4
KDD99_F,CluStream,2694120,0,18387
KDD99_F,CluStream,2743104,0,18223.2
KDD99_F,CluStream,2792088,0,18374.7
KDD99_F,CluStream,2841072,0,18442
KDD99_F,CluStream,2890056,0,18435.7
KDD99_F,CluStream,2939040,0,18487.5
KDD99_F,CluStream,2988024,0,18113.5
KDD99_F,CluStream,3037008,0,18427.9
KDD99_F,CluStream,3085992,0,18439.8
KDD99_F,CluStream,3134976,0,18208.1
KDD99_F,CluStream,3183960,0,18510.4
KDD99_F,CluStream,3232944,0,18401.2
KDD99_F,CluStream,3281928,0,18518
KDD99_F,CluStream,3330912,0,18469.9
KDD99_F,CluStream,3379896,0,18484.6
KDD99_F,CluStream,3428880,0,18548.6
KDD99_F,CluStream,3477864,0,18560.8
KDD99_F,CluStream,3526848,0,18576.2
KDD99_F,CluStream,3575832,0,18651.4
KDD99_F,CluStream,3624816,0,18621.8
KDD99_F,CluStream,3673800,0,18619.9
KDD99_F,CluStream,3722784,0,18593.1
KDD99_F,CluStream,3771768,0,18701.1
KDD99_F,CluStream,3820752,0,18670.9
KDD99_F,CluStream,3869736,0,18651.5
KDD99_F,CluStream,3918720,0,18712.1
KDD99_F,CluStream,3967704,0,18483.9
KDD99_F,CluStream,4016688,0,18523.5
KDD99_F,CluStream,4065672,0,18076.9
KDD99_F,CluStream,4114656,0,18488.3
KDD99_F,CluStream,4163640,0,18478.8
KDD99_F,CluStream,4212624,0,18642.6
KDD99_F,CluStream,4261608,0,18688.5
KDD99_F,CluStream,4310592,0,18449.1
KDD99_F,CluStream,4359576,0,18710.9
KDD99_F,CluStream,4408560,0,18788.2
KDD99_F,CluStream,4457544,0,18739
KDD99_F,CluStream,4506528,0,18766.6
KDD99_F,CluStream,4555512,0,18796.2
KDD99_F,CluStream,4604496,0,18791.2
KDD99_F,CluStream,4653480,0,18821.5
KDD99_F,CluStream,4702464,0,18805.7
KDD99_F,CluStream,4751448,0,18850.1
KDD99_F,CluStream,4800432,0,18882.6
KDD99_F,CluStream,4849416,0,18877
KDD99_F,CluStream,4898431,0,18876.9
KDD99_F,DenStream,48984,0.999918,21819.1
KDD99_F,DenStream,97968,0.953954,21608.8
KDD99_F,DenStream,146952,0.992004,21086.5
KDD99_F,DenStream,195936,0.989471,21467.8
KDD99_F,DenStream,244920,0.987857,21396.1
KDD99_F,DenStream,293904,0.9872,21288.4
KDD99_F,DenStream,342888,0.98652,20991.8
KDD99_F,DenStream,391872,0.98611,21065.1
KDD99_F,DenStream,440856,0.974404,20917.7
KDD99_F,DenStream,489840,0.97666,20540.2
KDD99_F,DenStream,538824,0.918333,20570.9
KDD99_F,DenStream,587808,0.92504,20221.6
KDD99_F,DenStream,636792,0.930811,20230.2
KDD99_F,DenStream,685776,0.933745,16874.7
KDD99_F,DenStream,734760,0.928157,19981.9
KDD99_F,DenStream,783744,0.938068,19801.4
KDD99_F,DenStream,832728,0.935351,19708.6
KDD99_F,DenStream,881712,0.933923,19525.6
KDD99_F,DenStream,930696,0.978343,19391.3
KDD99_F,DenStream,979680,0.979334,19246.3
KDD99_F,DenStream,1028664,0.935364,18883.8
KDD99_F,DenStream,1077648,0.939224,19020.7
KDD99_F,DenStream,1126632,0.941849,18890.5
KDD99_F,DenStream,1175616,0.944279,18817.2
KDD99_F,DenStream,1224600,0.946226,18682.7
KDD99_F,DenStream,1273584,0.965405,18615.1
KDD99_F,DenStream,1322568,0.983937,18533.6
KDD99_F,DenStream,1371552,0.947933,18438
KDD99_F,DenStream,1420536,0.937402,18380.7
KDD99_F,DenStream,1469520,0.975805,18303.9
KDD99_F,DenStream,1518504,0.976559,18184.2
KDD99_F,DenStream,1567488,0.977267,18110
KDD99_F,DenStream,1616472,0.97785,17972.7
KDD99_F,DenStream,1665456,0.9786,17942
KDD99_F,DenStream,1714440,0.979211,17878.6
KDD99_F,DenStream,1763424,0.979789,17823.3
KDD99_F,DenStream,1812408,0.980282,17730.8
KDD99_F,DenStream,1861392,0.980722,17703.4
KDD99_F,DenStream,1910376,0.981216,17638.5
KDD99_F,DenStream,1959360,0.981686,17405.5
KDD99_F,DenStream,2008344,0.982138,17488.3
KDD99_F,DenStream,2057328,0.982558,17380.7
KDD99_F,DenStream,2106312,0.982981,17362.7
KDD99_F,DenStream,2155296,0.983368,17284.3
KDD99_F,DenStream,2204280,0.983721,17242.8
KDD99_F,DenStream,2253264,0.984075,17174.3
KDD99_F,DenStream,2302248,0.984413,17087.4
KDD99_F,DenStream,2351232,0.984738,16912.2
KDD99_F,DenStream,2400216,0.98505,17149.8
KDD99_F,DenStream,2449200,0.985364,17072.9
KDD99_F,DenStream,2498184,0.985577,16798
KDD99_F,DenStream,2547168,0.985912,16882.1
KDD99_F,DenStream,2596152,0.986214,16957.6
KDD99_F,DenStream,2645136,0.986448,16929.7
KDD99_F,DenStream,2694120,0.986716,16748.7
KDD99_F,DenStream,2743104,0.986932,16505.4
KDD99_F,DenStream,2792088,0.987126,16538.1
KDD99_F,DenStream,2841072,0.987403,16615.4
KDD99_F,DenStream,2890056,0.987596,16698.7
KDD99_F,DenStream,2939040,0.98777,16537.9
KDD99_F,DenStream,2988024,0.988022,16676.1
KDD99_F,DenStream,3037008,0.988215,16560
KDD99_F,DenStream,3085992,0.988402,16551.6
KDD99_F,DenStream,3134976,0.988584,16278.1
KDD99_F,DenStream,3183960,0.988741,16610.8
KDD99_F,DenStream,3232944,0.98893,16453.1
KDD99_F,DenStream,3281928,0.989095,16506.1
KDD99_F,DenStream,3330912,0.989255,16524
KDD99_F,DenStream,3379896,0.989411,16275.2
KDD99_F,DenStream,3428880,0.969235,16440.6
KDD99_F,DenStream,3477864,0.973554,16277.7
KDD99_F,DenStream,3526848,0.97403,16286.4
KDD99_F,DenStream,3575832,0.974248,16331.8
KDD99_F,DenStream,3624816,0.974569,16418.1
KDD99_F,DenStream,3673800,0.98924,16219.4
KDD99_F,DenStream,3722784,0.97421,16086.6
KDD99_F,DenStream,3771768,0.970628,16093.3
KDD99_F,DenStream,3820752,0.971973,16165
KDD99_F,DenStream,3869736,0.972327,16150.2
KDD99_F,DenStream,3918720,0.972676,16200.1
KDD99_F,DenStream,3967704,0.988043,16075.7
KDD99_F,DenStream,4016688,0.988165,16048.3
KDD99_F,DenStream,4065672,0.988301,15922.2
KDD99_F,DenStream,4114656,0.988394,15953.8
KDD99_F,DenStream,4163640,0.988496,15979
KDD99_F,DenStream,4212624,0.988629,15977.1
KDD99_F,DenStream,4261608,0.98876,15844
KDD99_F,DenStream,4310592,0.988888,15879.5
KDD99_F,DenStream,4359576,0.989017,15733.7
KDD99_F,DenStream,4408560,0.989135,15803
KDD99_F,DenStream,4457544,0.989254,15853
KDD99_F,DenStream,4506528,0.973575,15825.6
KDD99_F,DenStream,4555512,0.969169,15790.5
KDD99_F,DenStream,4604496,0.974157,15791.5
KDD99_F,DenStream,4653480,0.974397,15734.6
KDD99_F,DenStream,4702464,0.97483,15730.5
KDD99_F,DenStream,4751448,0.972907,15683.1
KDD99_F,DenStream,4800432,0.969374,15693.3
KDD99_F,DenStream,4849416,0.986906,15538.6
KDD99_F,DenStream,4898431,0.969101,15524.5
KDD99_F,DBStream,48984,0.999918,83755.6
KDD99_F,DBStream,97968,0.795035,88666.2
KDD99_F,DBStream,146952,0.98622,100349
KDD99_F,DBStream,195936,0.904852,92709.8
KDD99_F,DBStream,244920,0.968345,88729.8
KDD99_F,DBStream,293904,0.979401,84376.4
KDD99_F,DBStream,342888,0.963029,81737.9
KDD99_F,DBStream,391872,0.957795,79271.8
KDD99_F,DBStream,440856,0,74859
KDD99_F,DBStream,489840,0,83840
KDD99_F,DBStream,538824,0.749922,86208
KDD99_F,DBStream,587808,0.770762,92577.2
KDD99_F,DBStream,636792,0.788396,99931.9
KDD99_F,DBStream,685776,0.80351,105340
KDD99_F,DBStream,734760,0.902361,105199
KDD99_F,DBStream,783744,0.908452,97091
KDD99_F,DBStream,832728,0.943792,100223
KDD99_F,DBStream,881712,0.922859,98562.7
KDD99_F,DBStream,930696,0,99152
KDD99_F,DBStream,979680,0,103872
KDD99_F,DBStream,1028664,0.886975,103315
KDD99_F,DBStream,1077648,0.76539,103334
KDD99_F,DBStream,1126632,0.77559,109800
KDD99_F,DBStream,1175616,0.784941,113787
KDD99_F,DBStream,1224600,0.793543,112421
KDD99_F,DBStream,1273584,0.811312,115884
KDD99_F,DBStream,1322568,0.729073,122935
KDD99_F,DBStream,1371552,0.712452,91835.9
KDD99_F,DBStream,1420536,0.938232,119319
KDD99_F,DBStream,1469520,0.866628,111653
KDD99_F,DBStream,1518504,0,120079
KDD99_F,DBStream,1567488,0,118007
KDD99_F,DBStream,1616472,0,126744
KDD99_F,DBStream,1665456,0,129698
KDD99_F,DBStream,1714440,0,127963
KDD99_F,DBStream,1763424,0,136321
KDD99_F,DBStream,1812408,0,138970
KDD99_F,DBStream,1861392,0,140212
KDD99_F,DBStream,1910376,0,146142
KDD99_F,DBStream,1959360,0,148496
KDD99_F,DBStream,2008344,0,151319
KDD99_F,DBStream,2057328,0,156127
KDD99_F,DBStream,2106312,0,156720
KDD99_F,DBStream,2155296,0,159447
KDD99_F,DBStream,2204280,0,154798
KDD99_F,DBStream,2253264,0,166492
KDD99_F,DBStream,2302248,0,169706
KDD99_F,DBStream,2351232,0,171956
KDD99_F,DBStream,2400216,0,175357
KDD99_F,DBStream,2449200,0,169409
KDD99_F,DBStream,2498184,0,182422
KDD99_F,DBStream,2547168,0,174907
KDD99_F,DBStream,2596152,0,177681
KDD99_F,DBStream,2645136,0,190754
KDD99_F,DBStream,2694120,0,193206
KDD99_F,DBStream,2743104,0,196830
KDD99_F,DBStream,2792088,0,197805
KDD99_F,DBStream,2841072,0,202086
KDD99_F,DBStream,2890056,0,204442
KDD99_F,DBStream,2939040,0,206815
KDD99_F,DBStream,2988024,0,210748
KDD99_F,DBStream,3037008,0,212309
KDD99_F,DBStream,3085992,0,213971
KDD99_F,DBStream,3134976,0,212423
KDD99_F,DBStream,3183960,0,220754
KDD99_F,DBStream,3232944,0,221513
KDD99_F,DBStream,3281928,0,221387
KDD99_F,DBStream,3330912,0,225298
KDD99_F,DBStream,3379896,0,231610
KDD99_F,DBStream,3428880,0.93628,226202
KDD99_F,DBStream,3477864,0,220665
KDD99_F,DBStream,3526848,0,222716
KDD99_F,DBStream,3575832,0,224511
KDD99_F,DBStream,3624816,0,216032
KDD99_F,DBStream,3673800,0.824872,229535
KDD99_F,DBStream,3722784,0,228648
KDD99_F,DBStream,3771768,0,215031
KDD99_F,DBStream,3820752,0,218803
KDD99_F,DBStream,3869736,0,237803
KDD99_F,DBStream,3918720,0,233345
KDD99_F,DBStream,3967704,0.782327,234491
KDD99_F,DBStream,4016688,0.772818,236167
KDD99_F,DBStream,4065672,0.763512,229680
KDD99_F,DBStream,4114656,0.754422,243063
KDD99_F,DBStream,4163640,0.745547,221073
KDD99_F,DBStream,4212624,0.736878,241650
KDD99_F,DBStream,4261608,0.728408,246318
KDD99_F,DBStream,4310592,0.720131,245315
KDD99_F,DBStream,4359576,0.712039,250398
KDD99_F,DBStream,4408560,0.704128,251372
KDD99_F,DBStream,4457544,0.69639,233284
KDD99_F,DBStream,4506528,0.954032,248593
KDD99_F,DBStream,4555512,0.928008,243294
KDD99_F,DBStream,4604496,0.733221,242631
KDD99_F,DBStream,4653480,0.725503,236302
KDD99_F,DBStream,4702464,0.717946,241282
KDD99_F,DBStream,4751448,0.710544,225827
KDD99_F,DBStream,4800432,0.917749,240693
KDD99_F,DBStream,4849416,0,237779
KDD99_F,DBStream,4898431,0.724066,236574
KDD99_F,EDMStream,48984,0.999918,73139.6
KDD99_F,EDMStream,97968,0.996193,90831.1
KDD99_F,EDMStream,146952,0.962396,100808
KDD99_F,EDMStream,195936,0.993881,91697.8
KDD99_F,EDMStream,244920,0.977678,87981.2
KDD99_F,EDMStream,293904,0.937401,85015.2
KDD99_F,EDMStream,342888,0.937312,83276.9
KDD99_F,EDMStream,391872,0.950798,83912.1
KDD99_F,EDMStream,440856,0.861209,85482
KDD99_F,EDMStream,489840,0.775088,94372.9
KDD99_F,EDMStream,538824,0.935645,102947
KDD99_F,EDMStream,587808,0.668609,110951
KDD99_F,EDMStream,636792,0.617178,119092
KDD99_F,EDMStream,685776,0.734973,127518
KDD99_F,EDMStream,734760,0.98476,132197
KDD99_F,EDMStream,783744,0.961799,124031
KDD99_F,EDMStream,832728,0.932176,122417
KDD99_F,EDMStream,881712,0.883928,118668
KDD99_F,EDMStream,930696,0.756855,117521
KDD99_F,EDMStream,979680,0.574052,127144
KDD99_F,EDMStream,1028664,0.881406,129407
KDD99_F,EDMStream,1077648,0.771518,129177
KDD99_F,EDMStream,1126632,0.737787,133125
KDD99_F,EDMStream,1175616,0.516516,139091
KDD99_F,EDMStream,1224600,0.495856,144136
KDD99_F,EDMStream,1273584,0.660731,148889
KDD99_F,EDMStream,1322568,0.459241,119590
KDD99_F,EDMStream,1371552,0.95695,151789
KDD99_F,EDMStream,1420536,0.975979,144867
KDD99_F,EDMStream,1469520,0.484694,150290
KDD99_F,EDMStream,1518504,0.710854,153199
KDD99_F,EDMStream,1567488,0.713051,158614
KDD99_F,EDMStream,1616472,0.721773,162793
KDD99_F,EDMStream,1665456,0.729915,166757
KDD99_F,EDMStream,1714440,0.415452,171318
KDD99_F,EDMStream,1763424,0.403911,164078
KDD99_F,EDMStream,1812408,0.751645,171243
KDD99_F,EDMStream,1861392,0.758062,183583
KDD99_F,EDMStream,1910376,0.392558,176155
KDD99_F,EDMStream,1959360,0.407744,189901
KDD99_F,EDMStream,2008344,0.42219,191116
KDD99_F,EDMStream,2057328,0.435947,198568
KDD99_F,EDMStream,2106312,0.449065,202936
KDD99_F,EDMStream,2155296,0.461586,206856
KDD99_F,EDMStream,2204280,0.473551,190255
KDD99_F,EDMStream,2253264,0.484995,214022
KDD99_F,EDMStream,2302248,0.495953,217201
KDD99_F,EDMStream,2351232,0.506454,209892
KDD99_F,EDMStream,2400216,0.516526,224465
KDD99_F,EDMStream,2449200,0.526195,217678
KDD99_F,EDMStream,2498184,0.535486,231088
KDD99_F,EDMStream,2547168,0.544419,235913
KDD99_F,EDMStream,2596152,0.553015,239994
KDD99_F,EDMStream,2645136,0.561292,242934
KDD99_F,EDMStream,2694120,0.569269,247088
KDD99_F,EDMStream,2743104,0.57696,250437
KDD99_F,EDMStream,2792088,0.584382,254290
KDD99_F,EDMStream,2841072,0.591548,255371
KDD99_F,EDMStream,2890056,0.598471,259516
KDD99_F,EDMStream,2939040,0.605163,263346
KDD99_F,EDMStream,2988024,0.611636,259678
KDD99_F,EDMStream,3037008,0.6179,269540
KDD99_F,EDMStream,3085992,0.623965,263740
KDD99_F,EDMStream,3134976,0.62984,272967
KDD99_F,EDMStream,3183960,0.635535,284172
KDD99_F,EDMStream,3232944,0.641057,287890
KDD99_F,EDMStream,3281928,0.646415,287909
KDD99_F,EDMStream,3330912,0.651614,277951
KDD99_F,EDMStream,3379896,0.656663,280403
KDD99_F,EDMStream,3428880,0.98787,279484
KDD99_F,EDMStream,3477864,0.863511,268323
KDD99_F,EDMStream,3526848,0.633837,276931
KDD99_F,EDMStream,3575832,0.625154,270374
KDD99_F,EDMStream,3624816,0.616706,287197
KDD99_F,EDMStream,3673800,0.610439,267802
KDD99_F,EDMStream,3722784,0.811094,292688
KDD99_F,EDMStream,3771768,0.594849,286538
KDD99_F,EDMStream,3820752,0.790257,297778
KDD99_F,EDMStream,3869736,0.780355,299386
KDD99_F,EDMStream,3918720,0.854532,267009
KDD99_F,EDMStream,3967704,0.790998,309523
KDD99_F,EDMStream,4016688,0.793363,274582
KDD99_F,EDMStream,4065672,0.795715,293291
KDD99_F,EDMStream,4114656,0.767791,275962
KDD99_F,EDMStream,4163640,0.594859,298389
KDD99_F,EDMStream,4212624,0.59957,322389
KDD99_F,EDMStream,4261608,0.604172,301099
KDD99_F,EDMStream,4310592,0.60867,316522
KDD99_F,EDMStream,4359576,0.613067,301673
KDD99_F,EDMStream,4408560,0.617366,314850
KDD99_F,EDMStream,4457544,0.621571,325100
KDD99_F,EDMStream,4506528,0.858195,328222
KDD99_F,EDMStream,4555512,0.964799,301611
KDD99_F,EDMStream,4604496,0.601881,323770
KDD99_F,EDMStream,4653480,0.595545,321765
KDD99_F,EDMStream,4702464,0.775986,326512
KDD99_F,EDMStream,4751448,0.767876,328797
KDD99_F,EDMStream,4800432,0.951086,292908
KDD99_F,EDMStream,4849416,0.57523,285749
KDD99_F,EDMStream,4898431,0.957839,303426
KDD99_F,DStream,48984,0.999918,87631.8
KDD99_F,DStream,97968,0,112870
KDD99_F,DStream,146952,0.991732,126614
KDD99_F,DStream,195936,0.958196,113107
KDD99_F,DStream,244920,0.990144,109191
KDD99_F,DStream,293904,0.986468,108076
KDD99_F,DStream,342888,0.888541,106353
KDD99_F,DStream,391872,0.974407,106024
KDD99_F,DStream,440856,0,111371
KDD99_F,DStream,489840,0,118085
KDD99_F,DStream,538824,0,127094
KDD99_F,DStream,587808,0.668609,142035
KDD99_F,DStream,636792,0,152053
KDD99_F,DStream,685776,0.573094,160740
KDD99_F,DStream,734760,0.915743,162120
KDD99_F,DStream,783744,0.789677,164702
KDD99_F,DStream,832728,0.932822,158761
KDD99_F,DStream,881712,0.924611,152114
KDD99_F,DStream,930696,0,158505
KDD99_F,DStream,979680,0,163996
KDD99_F,DStream,1028664,0.933256,165947
KDD99_F,DStream,1077648,0,164711
KDD99_F,DStream,1126632,0,172754
KDD99_F,DStream,1175616,0,171347
KDD99_F,DStream,1224600,0,185289
KDD99_F,DStream,1273584,0,191830
KDD99_F,DStream,1322568,0,188972
KDD99_F,DStream,1371552,0.934923,184433
KDD99_F,DStream,1420536,0,193818
KDD99_F,DStream,1469520,0,196802
KDD99_F,DStream,1518504,0,203549
KDD99_F,DStream,1567488,0,207219
KDD99_F,DStream,1616472,0,199935
KDD99_F,DStream,1665456,0,139133
KDD99_F,DStream,1714440,0,206678
KDD99_F,DStream,1763424,0,226160
KDD99_F,DStream,1812408,0,219252
KDD99_F,DStream,1861392,0,239593
KDD99_F,DStream,1910376,0,235825
KDD99_F,DStream,1959360,0,245217
KDD99_F,DStream,2008344,0,252047
KDD99_F,DStream,2057328,0,257490
KDD99_F,DStream,2106312,0,262568
KDD99_F,DStream,2155296,0,269528
KDD99_F,DStream,2204280,0,273080
KDD99_F,DStream,2253264,0,245738
KDD99_F,DStream,2302248,0,280561
KDD99_F,DStream,2351232,0,276491
KDD99_F,DStream,2400216,0,249705
KDD99_F,DStream,2449200,0,274590
KDD99_F,DStream,2498184,0,281643
KDD99_F,DStream,2547168,0,283801
KDD99_F,DStream,2596152,0,295639
KDD99_F,DStream,2645136,0,278380
KDD99_F,DStream,2694120,0,282017
KDD99_F,DStream,2743104,0,307452
KDD99_F,DStream,2792088,0,279765
KDD99_F,DStream,2841072,0,307536
KDD99_F,DStream,2890056,0,320171
KDD99_F,DStream,2939040,0,315004
KDD99_F,DStream,2988024,0,328235
KDD99_F,DStream,3037008,0,323902
KDD99_F,DStream,3085992,0,336000
KDD99_F,DStream,3134976,0,325791
KDD99_F,DStream,3183960,0,340571
KDD99_F,DStream,3232944,0,338864
KDD99_F,DStream,3281928,0,353050
KDD99_F,DStream,3330912,0,319057
KDD99_F,DStream,3379896,0,321557
KDD99_F,DStream,3428880,0.849733,346135
KDD99_F,DStream,3477864,0.642764,276375
KDD99_F,DStream,3526848,0.633837,355258
KDD99_F,DStream,3575832,0.625154,320972
KDD99_F,DStream,3624816,0.616706,324608
KDD99_F,DStream,3673800,0,356531
KDD99_F,DStream,3722784,0,324838
KDD99_F,DStream,3771768,0,374365
KDD99_F,DStream,3820752,0,366018
KDD99_F,DStream,3869736,0.57979,375717
KDD99_F,DStream,3918720,0,351031
KDD99_F,DStream,3967704,0,368257
KDD99_F,DStream,4016688,0,342757
KDD99_F,DStream,4065672,0,374786
KDD99_F,DStream,4114656,0,393535
KDD99_F,DStream,4163640,0,372416
KDD99_F,DStream,4212624,0.59957,372246
KDD99_F,DStream,4261608,0,368942
KDD99_F,DStream,4310592,0,381280
KDD99_F,DStream,4359576,0,405374
KDD99_F,DStream,4408560,0,414944
KDD99_F,DStream,4457544,0,411752
KDD99_F,DStream,4506528,0.633623,342543
KDD99_F,DStream,4555512,0.960609,406134
KDD99_F,DStream,4604496,0,402004
KDD99_F,DStream,4653480,0.595547,398063
KDD99_F,DStream,4702464,0.589341,396054
KDD99_F,DStream,4751448,0,408117
KDD99_F,DStream,4800432,0.737062,396261
KDD99_F,DStream,4849416,0,407277
KDD99_F,DStream,4898431,0.960606,367933
KDD99_F,SLKMeans,48984,0.999918,14615.8
KDD99_F,SLKMeans,97968,0.795035,9231
KDD99_F,SLKMeans,146952,0.748469,7391.91
KDD99_F,SLKMeans,195936,0.810739,8681.31
KDD99_F,SLKMeans,244920,0.847689,9602.06
KDD99_F,SLKMeans,293904,0.86993,10269.9
KDD99_F,SLKMeans,342888,0.888509,10771.6
KDD99_F,SLKMeans,391872,0.902445,11349.1
KDD99_F,SLKMeans,440856,0.861209,9903.69
KDD99_F,SLKMeans,489840,0.775088,6203.74
KDD99_F,SLKMeans,538824,0.729392,5604.5
KDD99_F,SLKMeans,587808,0.88795,3725.69
KDD99_F,SLKMeans,636792,0.853693,2776.02
KDD99_F,SLKMeans,685776,0.841921,2199.42
KDD99_F,SLKMeans,734760,0.637312,1983.69
KDD99_F,SLKMeans,783744,0.580294,2037.17
KDD99_F,SLKMeans,832728,0.603192,2154.6
KDD99_F,SLKMeans,881712,0.623512,2279.57
KDD99_F,SLKMeans,930696,0.760505,2334.95
KDD99_F,SLKMeans,979680,0.76914,2236.59
KDD99_F,SLKMeans,1028664,0.559843,2117.23
KDD99_F,SLKMeans,1077648,0.874756,2200.1
KDD99_F,SLKMeans,1126632,0.826481,2109.49
KDD99_F,SLKMeans,1175616,0.759346,1979.82
KDD99_F,SLKMeans,1224600,0.684642,1875.72
KDD99_F,SLKMeans,1273584,0.660778,1796.43
KDD99_F,SLKMeans,1322568,0.672781,1808.23
KDD99_F,SLKMeans,1371552,0.665802,1828.66
KDD99_F,SLKMeans,1420536,0.692418,1883.4
KDD99_F,SLKMeans,1469520,0.690762,1953.38
KDD99_F,SLKMeans,1518504,0.70363,1970.67
KDD99_F,SLKMeans,1567488,0.712837,1919.07
KDD99_F,SLKMeans,1616472,0.721514,1837.72
KDD99_F,SLKMeans,1665456,0.729681,1833.93
KDD99_F,SLKMeans,1714440,0.737384,1851.06
KDD99_F,SLKMeans,1763424,0.744679,1812.71
KDD99_F,SLKMeans,1812408,0.751558,1779.72
KDD99_F,SLKMeans,1861392,0.757976,1773.17
KDD99_F,SLKMeans,1910376,0.763927,1698.96
KDD99_F,SLKMeans,1959360,0.769828,1718.23
KDD99_F,SLKMeans,2008344,0.775445,1617.61
KDD99_F,SLKMeans,2057328,0.780792,1595.93
KDD99_F,SLKMeans,2106312,0.78589,1560.45
KDD99_F,SLKMeans,2155296,0.790756,1519.68
KDD99_F,SLKMeans,2204280,0.795406,1469.6
KDD99_F,SLKMeans,2253264,0.799853,1462.5
KDD99_F,SLKMeans,2302248,0.804112,1426.79
KDD99_F,SLKMeans,2351232,0.808193,1396.92
KDD99_F,SLKMeans,2400216,0.812107,1369.2
KDD99_F,SLKMeans,2449200,0.815865,1325.32
KDD99_F,SLKMeans,2498184,0.819476,1329.09
KDD99_F,SLKMeans,2547168,0.822947,1284.15
KDD99_F,SLKMeans,2596152,0.826288,1277.17
KDD99_F,SLKMeans,2645136,0.829505,1246.88
KDD99_F,SLKMeans,2694120,0.832605,1243.66
KDD99_F,SLKMeans,2743104,0.835594,1244.24
KDD99_F,SLKMeans,2792088,0.838478,1208.84
KDD99_F,SLKMeans,2841072,0.841263,1192.29
KDD99_F,SLKMeans,2890056,0.843954,1184.29
KDD99_F,SLKMeans,2939040,0.846554,1170.19
KDD99_F,SLKMeans,2988024,0.84907,1122.93
KDD99_F,SLKMeans,3037008,0.851504,1119.61
KDD99_F,SLKMeans,3085992,0.853861,1119.69
KDD99_F,SLKMeans,3134976,0.856145,1104.75
KDD99_F,SLKMeans,3183960,0.858358,1097.7
KDD99_F,SLKMeans,3232944,0.860504,1085.37
KDD99_F,SLKMeans,3281928,0.862586,1039.58
KDD99_F,SLKMeans,3330912,0.858047,1081.86
KDD99_F,SLKMeans,3379896,0.860055,1082.09
KDD99_F,SLKMeans,3428880,0.783643,1096.21
KDD99_F,SLKMeans,3477864,0.904187,1101.87
KDD99_F,SLKMeans,3526848,0.91918,1090.32
KDD99_F,SLKMeans,3575832,0.896983,1095.25
KDD99_F,SLKMeans,3624816,0.869109,1087.63
KDD99_F,SLKMeans,3673800,0.822699,1083.9
KDD99_F,SLKMeans,3722784,0.852371,1084.52
KDD99_F,SLKMeans,3771768,0.594849,1069.12
KDD99_F,SLKMeans,3820752,0.828297,1093.96
KDD99_F,SLKMeans,3869736,0.956488,1068.14
KDD99_F,SLKMeans,3918720,0.815472,1070.4
KDD99_F,SLKMeans,3967704,0.791039,1018.35
KDD99_F,SLKMeans,4016688,0.793415,1030.24
KDD99_F,SLKMeans,4065672,0.795737,1026.15
KDD99_F,SLKMeans,4114656,0.762242,1039.81
KDD99_F,SLKMeans,4163640,0.757896,909.362
KDD99_F,SLKMeans,4212624,0.759242,1015.71
KDD99_F,SLKMeans,4261608,0.76198,1035.37
KDD99_F,SLKMeans,4310592,0.764644,1028.85
KDD99_F,SLKMeans,4359576,0.767249,1020.93
KDD99_F,SLKMeans,4408560,0.769824,1014.06
KDD99_F,SLKMeans,4457544,0.772327,1030.85
KDD99_F,SLKMeans,4506528,0.614965,1034.29
KDD99_F,SLKMeans,4555512,0.661044,1042.99
KDD99_F,SLKMeans,4604496,0.798472,1048.57
KDD99_F,SLKMeans,4653480,0.834267,1033.62
KDD99_F,SLKMeans,4702464,0.589341,1044.45
KDD99_F,SLKMeans,4751448,0.810974,1038.17
KDD99_F,SLKMeans,4800432,0.590007,1039.68
KDD99_F,SLKMeans,4849416,0.795729,1061.21
KDD99_F,SLKMeans,4898431,0.645238,1066.33
KDD99_F,G3,48984,0.999918,264731
KDD99_F,G3,97968,0.995264,268560
KDD99_F,G3,146952,0.970364,295240
KDD99_F,G3,195936,0.962059,293853
KDD99_F,G3,244920,0.962486,271049
KDD99_F,G3,293904,0.961821,264311
KDD99_F,G3,342888,0.97214,263663
KDD99_F,G3,391872,0.976214,263820
KDD99_F,G3,440856,0.990001,268100
KDD99_F,G3,489840,0.990134,283586
KDD99_F,G3,538824,0.939878,294294
KDD99_F,G3,587808,0.983166,305717
KDD99_F,G3,636792,0.981006,309582
KDD99_F,G3,685776,0.985587,346645
KDD99_F,G3,734760,0.985768,347061
KDD99_F,G3,783744,0.985738,343658
KDD99_F,G3,832728,0.984737,344101
KDD99_F,G3,881712,0.983808,332568
KDD99_F,G3,930696,0.978064,334052
KDD99_F,G3,979680,0.979063,347909
KDD99_F,G3,1028664,0.97998,358990
KDD99_F,G3,1077648,0.980688,344188
KDD99_F,G3,1126632,0.981542,352727
KDD99_F,G3,1175616,0.978934,358864
KDD99_F,G3,1224600,0.98261,359209
KDD99_F,G3,1273584,0.983269,363350
KDD99_F,G3,1322568,0.983719,377730
KDD99_F,G3,1371552,0.984668,379783
KDD99_F,G3,1420536,0.976888,390595
KDD99_F,G3,1469520,0.974176,374859
KDD99_F,G3,1518504,0.974964,376719
KDD99_F,G3,1567488,0.97571,383524
KDD99_F,G3,1616472,0.976446,403888
KDD99_F,G3,1665456,0.977138,396936
KDD99_F,G3,1714440,0.977792,414996
KDD99_F,G3,1763424,0.978408,404207
KDD99_F,G3,1812408,0.978992,410842
KDD99_F,G3,1861392,0.979545,412285
KDD99_F,G3,1910376,0.980025,418717
KDD99_F,G3,1959360,0.980524,426597
KDD99_F,G3,2008344,0.980999,425926
KDD99_F,G3,2057328,0.981452,432759
KDD99_F,G3,2106312,0.981883,436023
KDD99_F,G3,2155296,0.982295,440262
KDD99_F,G3,2204280,0.982688,441802
KDD99_F,G3,2253264,0.983065,451312
KDD99_F,G3,2302248,0.983425,451606
KDD99_F,G3,2351232,0.98377,450584
KDD99_F,G3,2400216,0.984101,455003
KDD99_F,G3,2449200,0.984419,469331
KDD99_F,G3,2498184,0.984725,450214
KDD99_F,G3,2547168,0.985019,464577
KDD99_F,G3,2596152,0.985301,480334
KDD99_F,G3,2645136,0.985574,476553
KDD99_F,G3,2694120,0.985836,472876
KDD99_F,G3,2743104,0.986089,492462
KDD99_F,G3,2792088,0.986333,499962
KDD99_F,G3,2841072,0.986568,497405
KDD99_F,G3,2890056,0.986796,496231
KDD99_F,G3,2939040,0.987016,488733
KDD99_F,G3,2988024,0.987229,487757
KDD99_F,G3,3037008,0.987435,493340
KDD99_F,G3,3085992,0.987634,497418
KDD99_F,G3,3134976,0.987828,496440
KDD99_F,G3,3183960,0.988015,502710
KDD99_F,G3,3232944,0.988197,457093
KDD99_F,G3,3281928,0.988373,503945
KDD99_F,G3,3330912,0.988544,518962
KDD99_F,G3,3379896,0.98871,521893
KDD99_F,G3,3428880,0.988258,499585
KDD99_F,G3,3477864,0.987808,523430
KDD99_F,G3,3526848,0.988033,506055
KDD99_F,G3,3575832,0.986445,501977
KDD99_F,G3,3624816,0.988326,529322
KDD99_F,G3,3673800,0.988038,518738
KDD99_F,G3,3722784,0.98804,511122
KDD99_F,G3,3771768,0.988195,520640
KDD99_F,G3,3820752,0.988529,505763
KDD99_F,G3,3869736,0.987541,500821
KDD99_F,G3,3918720,0.987738,507962
KDD99_F,G3,3967704,0.987907,516161
KDD99_F,G3,4016688,0.988036,518935
KDD99_F,G3,4065672,0.98818,427642
KDD99_F,G3,4114656,0.988321,512926
KDD99_F,G3,4163640,0.988458,516540
KDD99_F,G3,4212624,0.988593,531043
KDD99_F,G3,4261608,0.988724,528162
KDD99_F,G3,4310592,0.988852,530427
KDD99_F,G3,4359576,0.988977,520464
KDD99_F,G3,4408560,0.9891,528082
KDD99_F,G3,4457544,0.989219,531021
KDD99_F,G3,4506528,0.989134,529809
KDD99_F,G3,4555512,0.988683,538049
KDD99_F,G3,4604496,0.988764,516102
KDD99_F,G3,4653480,0.988241,516680
KDD99_F,G3,4702464,0.988998,513607
KDD99_F,G3,4751448,0.989112,520884
KDD99_F,G3,4800432,0.989165,436475
KDD99_F,G3,4849416,0.989001,469561
KDD99_F,G3,4898431,0.989074,469891
