workload,obj,num_points,purity,qps,sum_us,mig_us,det_us,first_algo,final_algo,change_count,change_log
KDD99_F,0,50000,0.99992,36262.2,0,0,0,231,231,0,561@0;
KDD99_F,0,100000,0.95927,47962.7,0,93,19847,231,501,1,561@0;1281@70000;
KDD99_F,0,150000,0.75358,63414.5,0,196,36264,231,501,1,561@0;1281@70000;
KDD99_F,0,200000,0.814585,79940.7,0,74,33438,231,501,1,561@0;1281@70000;
KDD99_F,0,250000,0.850784,91562.8,0,68,48906,231,501,1,561@0;1281@70000;
KDD99_F,0,300000,0.872573,103403,0,77,64135,231,501,1,561@0;1281@70000;
KDD99_F,0,350000,0.890774,113834,0,90,62560,231,501,1,561@0;1281@70000;
KDD99_F,0,400000,0.90192,118116,0,90,82020,231,501,1,561@0;1281@70000;
KDD99_F,0,450000,0.843709,130997,0,70,99748,231,501,1,561@0;1281@70000;
KDD99_F,0,500000,0.763608,138660,0,70,114594,231,501,1,561@0;1281@70000;
KDD99_F,0,550000,0.714571,149095,0,72,113455,231,501,1,561@0;1281@70000;
KDD99_F,0,600000,0.655023,156686,0,71,124432,231,501,1,561@0;1281@70000;
KDD99_F,0,650000,0.818974,140465,0,186,140311,231,201,2,561@0;1281@70000;513@630008;
KDD99_F,0,700000,0.773369,106994,0,321,169923,231,201,2,561@0;1281@70000;513@630008;
KDD99_F,0,750000,0.774907,86419.8,0,172,157938,231,201,2,561@0;1281@70000;513@630008;
KDD99_F,0,800000,0.588823,77403.2,0,320,183836,231,501,3,561@0;1281@70000;513@630008;1281@770010;
KDD99_F,0,850000,0.61064,81829.8,0,314,188215,231,501,3,561@0;1281@70000;513@630008;1281@770010;
KDD99_F,0,900000,0.624874,84439,0,313,191612,231,501,3,561@0;1281@70000;513@630008;1281@770010;
KDD99_F,0,950000,0.591986,88440.8,0,319,209212,231,501,3,561@0;1281@70000;513@630008;1281@770010;
KDD99_F,0,1000000,0.562387,69767.4,0,709,234024,231,201,4,561@0;1281@70000;513@630008;1281@770010;513@980013;
KDD99_F,0,1050000,0.568783,53439.1,0,748,230159,231,201,4,561@0;1281@70000;513@630008;1281@770010;513@980013;
KDD99_F,0,1100000,0.716704,47871.8,0,1538,314458,231,501,5,561@0;1281@70000;513@630008;1281@770010;513@980013;1281@1050014;
KDD99_F,0,1150000,0.729021,39272.6,0,1308,345485,231,501,5,561@0;1281@70000;513@630008;1281@770010;513@980013;1281@1050014;
KDD99_F,0,1200000,0.78779,37609.7,0,2218,433254,231,201,6,561@0;1281@70000;513@630008;1281@770010;513@980013;1281@1050014;513@1190016;
KDD99_F,0,1250000,0.791439,35242.2,0,2232,447518,231,201,6,561@0;1281@70000;513@630008;1281@770010;513@980013;1281@1050014;513@1190016;
KDD99_F,0,1300000,0.793371,33103.8,0,2715,451948,231,201,6,561@0;1281@70000;513@630008;1281@770010;513@980013;1281@1050014;513@1190016;
KDD99_F,0,1350000,0.464704,33220.2,0,1745,405318,231,501,7,561@0;1281@70000;513@630008;1281@770010;513@980013;1281@1050014;513@1190016;1281@1330018;
KDD99_F,0,1400000,0.631149,29117.6,0,3428,479628,231,501,7,561@0;1281@70000;513@630008;1281@770010;513@980013;1281@1050014;513@1190016;1281@1330018;
KDD99_F,0,1450000,0.641189,28081.7,0,2508,553898,231,501,7,561@0;1281@70000;513@630008;1281@770010;513@980013;1281@1050014;513@1190016;1281@1330018;
KDD99_F,0,1500000,0.650687,30047.6,0,2577,563241,231,501,7,561@0;1281@70000;513@630008;1281@770010;513@980013;1281@1050014;513@1190016;1281@1330018;
KDD99_F,0,1550000,0.675491,31575.7,0,2838,540671,231,201,8,561@0;1281@70000;513@630008;1281@770010;513@980013;1281@1050014;513@1190016;1281@1330018;513@1540021;
KDD99_F,0,1600000,0.674802,26009.5,0,2745,529848,231,201,8,561@0;1281@70000;513@630008;1281@770010;513@980013;1281@1050014;513@1190016;1281@1330018;513@1540021;
KDD99_F,0,1650000,0.716685,22328.5,0,4278,637796,231,201,8,561@0;1281@70000;513@630008;1281@770010;513@980013;1281@1050014;513@1190016;1281@1330018;513@1540021;
KDD99_F,0,1700000,0.724995,20675.1,0,2821,595882,231,201,8,561@0;1281@70000;513@630008;1281@770010;513@980013;1281@1050014;513@1190016;1281@1330018;513@1540021;
KDD99_F,0,1750000,0.732847,16889.2,0,2921,633294,231,201,8,561@0;1281@70000;513@630008;1281@770010;513@980013;1281@1050014;513@1190016;1281@1330018;513@1540021;
KDD99_F,0,1800000,0.740268,17058.3,0,2920,594275,231,201,8,561@0;1281@70000;513@630008;1281@770010;513@980013;1281@1050014;513@1190016;1281@1330018;513@1540021;
KDD99_F,0,1850000,0.74549,15613.9,0,2645,630476,231,201,8,561@0;1281@70000;513@630008;1281@770010;513@980013;1281@1050014;513@1190016;1281@1330018;513@1540021;
KDD99_F,0,1900000,0.750232,13805.7,0,3262,711985,231,201,8,561@0;1281@70000;513@630008;1281@770010;513@980013;1281@1050014;513@1190016;1281@1330018;513@1540021;
KDD99_F,0,1950000,0.754908,14263.2,0,2832,666555,231,201,8,561@0;1281@70000;513@630008;1281@770010;513@980013;1281@1050014;513@1190016;1281@1330018;513@1540021;
KDD99_F,0,2000000,0.759457,13451.8,0,3341,663379,231,201,8,561@0;1281@70000;513@630008;1281@770010;513@980013;1281@1050014;513@1190016;1281@1330018;513@1540021;
KDD99_F,0,2050000,0.778349,13156,0,2817,738385,231,201,8,561@0;1281@70000;513@630008;1281@770010;513@980013;1281@1050014;513@1190016;1281@1330018;513@1540021;
KDD99_F,0,2100000,0.783503,12986.5,0,2582,692643,231,201,8,561@0;1281@70000;513@630008;1281@770010;513@980013;1281@1050014;513@1190016;1281@1330018;513@1540021;
KDD99_F,0,2150000,0.788409,12620.9,0,2548,752699,231,201,8,561@0;1281@70000;513@630008;1281@770010;513@980013;1281@1050014;513@1190016;1281@1330018;513@1540021;
KDD99_F,0,2200000,0.793083,12671,0,2705,747718,231,201,8,561@0;1281@70000;513@630008;1281@770010;513@980013;1281@1050014;513@1190016;1281@1330018;513@1540021;
KDD99_F,0,2250000,0.797566,12446.3,0,2704,772513,231,201,8,561@0;1281@70000;513@630008;1281@770010;513@980013;1281@1050014;513@1190016;1281@1330018;513@1540021;
KDD99_F,0,2300000,0.801838,12398.1,0,2789,762872,231,201,8,561@0;1281@70000;513@630008;1281@770010;513@980013;1281@1050014;513@1190016;1281@1330018;513@1540021;
KDD99_F,0,2350000,0.805947,12208.5,0,3907,819184,231,201,8,561@0;1281@70000;513@630008;1281@770010;513@980013;1281@1050014;513@1190016;1281@1330018;513@1540021;
KDD99_F,0,2400000,0.809887,12024.9,0,2729,838031,231,201,8,561@0;1281@70000;513@630008;1281@770010;513@980013;1281@1050014;513@1190016;1281@1330018;513@1540021;
KDD99_F,0,2450000,0.813651,11727,0,2962,843525,231,201,8,561@0;1281@70000;513@630008;1281@770010;513@980013;1281@1050014;513@1190016;1281@1330018;513@1540021;
KDD99_F,0,2500000,0.817272,11409.6,0,2553,833313,231,201,8,561@0;1281@70000;513@630008;1281@770010;513@980013;1281@1050014;513@1190016;1281@1330018;513@1540021;
KDD99_F,0,2550000,0.820754,11024.9,0,3351,934384,231,201,8,561@0;1281@70000;513@630008;1281@770010;513@980013;1281@1050014;513@1190016;1281@1330018;513@1540021;
KDD99_F,0,2600000,0.824139,10668.2,0,2825,927882,231,201,8,561@0;1281@70000;513@630008;1281@770010;513@980013;1281@1050014;513@1190016;1281@1330018;513@1540021;
KDD99_F,0,2650000,0.827413,10433,0,3069,916343,231,201,8,561@0;1281@70000;513@630008;1281@770010;513@980013;1281@1050014;513@1190016;1281@1330018;513@1540021;
KDD99_F,0,2700000,0.830573,10184.1,0,2378,921115,231,201,8,561@0;1281@70000;513@630008;1281@770010;513@980013;1281@1050014;513@1190016;1281@1330018;513@1540021;
KDD99_F,0,2750000,0.833615,9805.47,0,2872,988359,231,201,8,561@0;1281@70000;513@630008;1281@770010;513@980013;1281@1050014;513@1190016;1281@1330018;513@1540021;
KDD99_F,0,2800000,0.836549,9684.7,0,2631,962585,231,201,8,561@0;1281@70000;513@630008;1281@770010;513@980013;1281@1050014;513@1190016;1281@1330018;513@1540021;
KDD99_F,0,2850000,0.839377,9458.46,0,2664,960341,231,201,8,561@0;1281@70000;513@630008;1281@770010;513@980013;1281@1050014;513@1190016;1281@1330018;513@1540021;
KDD99_F,0,2900000,0.842112,9217.86,0,3163,1012840,231,201,8,561@0;1281@70000;513@630008;1281@770010;513@980013;1281@1050014;513@1190016;1281@1330018;513@1540021;
KDD99_F,0,2950000,0.84475,8958.67,0,3614,1031684,231,201,8,561@0;1281@70000;513@630008;1281@770010;513@980013;1281@1050014;513@1190016;1281@1330018;513@1540021;
KDD99_F,0,3000000,0.847299,8716.29,0,3383,1041210,231,201,8,561@0;1281@70000;513@630008;1281@770010;513@980013;1281@1050014;513@1190016;1281@1330018;513@1540021;
KDD99_F,0,3050000,0.849767,8723.23,0,2838,1052442,231,201,8,561@0;1281@70000;513@630008;1281@770010;513@980013;1281@1050014;513@1190016;1281@1330018;513@1540021;
KDD99_F,0,3100000,0.852155,8441.46,0,3175,1128118,231,201,8,561@0;1281@70000;513@630008;1281@770010;513@980013;1281@1050014;513@1190016;1281@1330018;513@1540021;
KDD99_F,0,3150000,0.854467,8341.43,0,2669,1112100,231,201,8,561@0;1281@70000;513@630008;1281@770010;513@980013;1281@1050014;513@1190016;1281@1330018;513@1540021;
KDD99_F,0,3200000,0.856702,8211.44,0,2841,1080334,231,201,8,561@0;1281@70000;513@630008;1281@770010;513@980013;1281@1050014;513@1190016;1281@1330018;513@1540021;
KDD99_F,0,3250000,0.858872,8098.44,0,2600,1126283,231,201,8,561@0;1281@70000;513@630008;1281@770010;513@980013;1281@1050014;513@1190016;1281@1330018;513@1540021;
KDD99_F,0,3300000,0.860978,7988.29,0,2434,1120282,231,201,8,561@0;1281@70000;513@630008;1281@770010;513@980013;1281@1050014;513@1190016;1281@1330018;513@1540021;
KDD99_F,0,3350000,0.863021,7938.7,0,2698,1179652,231,201,8,561@0;1281@70000;513@630008;1281@770010;513@980013;1281@1050014;513@1190016;1281@1330018;513@1540021;
KDD99_F,0,3400000,0.865012,7867.11,0,2960,1178499,231,201,8,561@0;1281@70000;513@630008;1281@770010;513@980013;1281@1050014;513@1190016;1281@1330018;513@1540021;
KDD99_F,0,3450000,0.864702,7848.01,0,4561,1194712,231,501,9,561@0;1281@70000;513@630008;1281@770010;513@980013;1281@1050014;513@1190016;1281@1330018;513@1540021;1281@3430048;
KDD99_F,0,3500000,0.948608,7984.98,0,4325,1222316,231,501,9,561@0;1281@70000;513@630008;1281@770010;513@980013;1281@1050014;513@1190016;1281@1330018;513@1540021;1281@3430048;
KDD99_F,0,3550000,0.950044,8056.4,0,4368,1236015,231,501,9,561@0;1281@70000;513@630008;1281@770010;513@980013;1281@1050014;513@1190016;1281@1330018;513@1540021;1281@3430048;
KDD99_F,0,3600000,0.958732,8173.07,0,5553,1259410,231,201,10,561@0;1281@70000;513@630008;1281@770010;513@980013;1281@1050014;513@1190016;1281@1330018;513@1540021;1281@3430048;513@3570050;
KDD99_F,0,3650000,0.868733,8186.63,0,4828,1281698,231,201,10,561@0;1281@70000;513@630008;1281@770010;513@980013;1281@1050014;513@1190016;1281@1330018;513@1540021;1281@3430048;513@3570050;
KDD99_F,0,3700000,0.862901,8234.13,0,4828,1304829,231,201,10,561@0;1281@70000;513@630008;1281@770010;513@980013;1281@1050014;513@1190016;1281@1330018;513@1540021;1281@3430048;513@3570050;
KDD99_F,0,3750000,0.952291,8310.8,0,5125,1330272,231,501,11,561@0;1281@70000;513@630008;1281@770010;513@980013;1281@1050014;513@1190016;1281@1330018;513@1540021;1281@3430048;513@3570050;1281@3710052;
KDD99_F,0,3800000,0.86568,8448.65,0,5082,1327089,231,501,11,561@0;1281@70000;513@630008;1281@770010;513@980013;1281@1050014;513@1190016;1281@1330018;513@1540021;1281@3430048;513@3570050;1281@3710052;
KDD99_F,0,3850000,0.877042,8470.35,0,5355,1342975,231,501,11,561@0;1281@70000;513@630008;1281@770010;513@980013;1281@1050014;513@1190016;1281@1330018;513@1540021;1281@3430048;513@3570050;1281@3710052;
KDD99_F,0,3900000,0.858912,8634.41,0,4893,1336324,231,501,11,561@0;1281@70000;513@630008;1281@770010;513@980013;1281@1050014;513@1190016;1281@1330018;513@1540021;1281@3430048;513@3570050;1281@3710052;
KDD99_F,0,3950000,0.844899,8665.56,0,5693,1372589,231,201,12,561@0;1281@70000;513@630008;1281@770010;513@980013;1281@1050014;513@1190016;1281@1330018;513@1540021;1281@3430048;513@3570050;1281@3710052;513@3920055;
KDD99_F,0,4000000,0.791263,8722.2,0,5933,1372850,231,501,13,561@0;1281@70000;513@630008;1281@770010;513@980013;1281@1050014;513@1190016;1281@1330018;513@1540021;1281@3430048;513@3570050;1281@3710052;513@3920055;1281@3990056;
KDD99_F,0,4050000,0.79307,8812.89,0,6029,1399041,231,501,13,561@0;1281@70000;513@630008;1281@770010;513@980013;1281@1050014;513@1190016;1281@1330018;513@1540021;1281@3430048;513@3570050;1281@3710052;513@3920055;1281@3990056;
KDD99_F,0,4100000,0.794927,8903.86,0,6352,1409079,231,201,14,561@0;1281@70000;513@630008;1281@770010;513@980013;1281@1050014;513@1190016;1281@1330018;513@1540021;1281@3430048;513@3570050;1281@3710052;513@3920055;1281@3990056;513@4060057;
KDD99_F,0,4150000,0.797345,8895.41,0,5964,1453617,231,201,14,561@0;1281@70000;513@630008;1281@770010;513@980013;1281@1050014;513@1190016;1281@1330018;513@1540021;1281@3430048;513@3570050;1281@3710052;513@3920055;1281@3990056;513@4060057;
KDD99_F,0,4200000,0.799729,8922.54,0,6173,1419763,231,201,14,561@0;1281@70000;513@630008;1281@770010;513@980013;1281@1050014;513@1190016;1281@1330018;513@1540021;1281@3430048;513@3570050;1281@3710052;513@3920055;1281@3990056;513@4060057;
KDD99_F,0,4250000,0.802084,8811.34,0,6098,1480281,231,201,14,561@0;1281@70000;513@630008;1281@770010;513@980013;1281@1050014;513@1190016;1281@1330018;513@1540021;1281@3430048;513@3570050;1281@3710052;513@3920055;1281@3990056;513@4060057;
KDD99_F,0,4300000,0.804385,8650.06,0,7292,1505080,231,201,14,561@0;1281@70000;513@630008;1281@770010;513@980013;1281@1050014;513@1190016;1281@1330018;513@1540021;1281@3430048;513@3570050;1281@3710052;513@3920055;1281@3990056;513@4060057;
KDD99_F,0,4350000,0.806634,8593.34,0,5786,1515864,231,201,14,561@0;1281@70000;513@630008;1281@770010;513@980013;1281@1050014;513@1190016;1281@1330018;513@1540021;1281@3430048;513@3570050;1281@3710052;513@3920055;1281@3990056;513@4060057;
KDD99_F,0,4400000,0.808831,8505.39,0,7147,1621968,231,201,14,561@0;1281@70000;513@630008;1281@770010;513@980013;1281@1050014;513@1190016;1281@1330018;513@1540021;1281@3430048;513@3570050;1281@3710052;513@3920055;1281@3990056;513@4060057;
KDD99_F,0,4450000,0.810954,8443.83,0,6257,1526021,231,201,14,561@0;1281@70000;513@630008;1281@770010;513@980013;1281@1050014;513@1190016;1281@1330018;513@1540021;1281@3430048;513@3570050;1281@3710052;513@3920055;1281@3990056;513@4060057;
KDD99_F,0,4500000,0.693372,8398.06,0,6894,1567155,231,501,15,561@0;1281@70000;513@630008;1281@770010;513@980013;1281@1050014;513@1190016;1281@1330018;513@1540021;1281@3430048;513@3570050;1281@3710052;513@3920055;1281@3990056;513@4060057;1281@4480063;
KDD99_F,0,4550000,0.749005,8389.87,0,8010,1639407,231,501,15,561@0;1281@70000;513@630008;1281@770010;513@980013;1281@1050014;513@1190016;1281@1330018;513@1540021;1281@3430048;513@3570050;1281@3710052;513@3920055;1281@3990056;513@4060057;1281@4480063;
KDD99_F,0,4600000,0.746483,8531.94,0,6544,1584344,231,501,15,561@0;1281@70000;513@630008;1281@770010;513@980013;1281@1050014;513@1190016;1281@1330018;513@1540021;1281@3430048;513@3570050;1281@3710052;513@3920055;1281@3990056;513@4060057;1281@4480063;
KDD99_F,0,4650000,0.816674,8618.47,0,6680,1586745,231,501,15,561@0;1281@70000;513@630008;1281@770010;513@980013;1281@1050014;513@1190016;1281@1330018;513@1540021;1281@3430048;513@3570050;1281@3710052;513@3920055;1281@3990056;513@4060057;1281@4480063;
KDD99_F,0,4700000,0.842741,8724.75,0,7110,1678842,231,201,16,561@0;1281@70000;513@630008;1281@770010;513@980013;1281@1050014;513@1190016;1281@1330018;513@1540021;1281@3430048;513@3570050;1281@3710052;513@3920055;1281@3990056;513@4060057;1281@4480063;513@4690066;
KDD99_F,0,4750000,0.836995,8711.67,0,8075,1667406,231,201,16,561@0;1281@70000;513@630008;1281@770010;513@980013;1281@1050014;513@1190016;1281@1330018;513@1540021;1281@3430048;513@3570050;1281@3710052;513@3920055;1281@3990056;513@4060057;1281@4480063;513@4690066;
KDD99_F,0,4800000,0.837068,8751.81,0,7567,1707736,231,201,16,561@0;1281@70000;513@630008;1281@770010;513@980013;1281@1050014;513@1190016;1281@1330018;513@1540021;1281@3430048;513@3570050;1281@3710052;513@3920055;1281@3990056;513@4060057;1281@4480063;513@4690066;
KDD99_F,0,4850000,0.897828,8791.85,0,7838,1683782,231,501,17,561@0;1281@70000;513@630008;1281@770010;513@980013;1281@1050014;513@1190016;1281@1330018;513@1540021;1281@3430048;513@3570050;1281@3710052;513@3920055;1281@3990056;513@4060057;1281@4480063;513@4690066;1281@4830068;
KDD99_F,0,4898431,0.876198,8875.4,0,7984,1716417,231,501,17,561@0;1281@70000;513@630008;1281@770010;513@980013;1281@1050014;513@1190016;1281@1330018;513@1540021;1281@3430048;513@3570050;1281@3710052;513@3920055;1281@3990056;513@4060057;1281@4480063;513@4690066;1281@4830068;
KDD99_F,1,50000,1,3995.04,0,53,11278,2140,40,1,8512@0;64@5000;
KDD99_F,1,100000,0.99473,4763.52,27,11935,22871,2140,140,2,8512@0;64@5000;320@90017;
KDD99_F,1,150000,0.99984,4901.14,29,11782,34245,2140,40,3,8512@0;64@5000;320@90017;64@115022;
KDD99_F,1,200000,0,4508.4,36,11194,45164,2140,40,3,8512@0;64@5000;320@90017;64@115022;
KDD99_F,1,250000,0,2841.82,70,12865,79625,2140,40,3,8512@0;64@5000;320@90017;64@115022;
KDD99_F,1,300000,0,2974.24,47,8998,87031,2140,40,3,8512@0;64@5000;320@90017;64@115022;
KDD99_F,1,350000,0,2728.26,58,11159,115215,2140,40,3,8512@0;64@5000;320@90017;64@115022;
KDD99_F,1,400000,0,2651.56,67,12502,128297,2140,40,3,8512@0;64@5000;320@90017;64@115022;
KDD99_F,1,450000,0.982938,2920.13,99,50970,145250,2140,140,4,8512@0;64@5000;320@90017;64@115022;320@430085;
KDD99_F,1,500000,0.992236,3220.54,118,59871,159966,2140,140,6,8512@0;64@5000;320@90017;64@115022;320@430085;64@465092;320@470093;
KDD99_F,1,550000,0.95458,3483.63,110,62109,177457,2140,140,8,8512@0;64@5000;320@90017;64@115022;320@430085;64@465092;320@470093;64@500099;320@525104;
KDD99_F,1,600000,0.951462,3745.61,111,66686,192447,2140,140,8,8512@0;64@5000;320@90017;64@115022;320@430085;64@465092;320@470093;64@500099;320@525104;
KDD99_F,1,650000,0.943431,4058.15,122,61088,208986,2140,140,8,8512@0;64@5000;320@90017;64@115022;320@430085;64@465092;320@470093;64@500099;320@525104;
KDD99_F,1,700000,0.94121,4401.69,122,55949,226126,2140,140,8,8512@0;64@5000;320@90017;64@115022;320@430085;64@465092;320@470093;64@500099;320@525104;
KDD99_F,1,750000,0.996371,4687.66,131,63400,235211,2140,40,9,8512@0;64@5000;320@90017;64@115022;320@430085;64@465092;320@470093;64@500099;320@525104;64@725144;
KDD99_F,1,800000,0,4332.23,99,55541,251439,2140,40,9,8512@0;64@5000;320@90017;64@115022;320@430085;64@465092;320@470093;64@500099;320@525104;64@725144;
KDD99_F,1,850000,0,4180.96,145,58584,266344,2140,40,9,8512@0;64@5000;320@90017;64@115022;320@430085;64@465092;320@470093;64@500099;320@525104;64@725144;
KDD99_F,1,900000,0,4058.15,122,64935,287946,2140,40,9,8512@0;64@5000;320@90017;64@115022;320@430085;64@465092;320@470093;64@500099;320@525104;64@725144;
KDD99_F,1,950000,0.759943,4263.83,117,95189,297197,2140,140,10,8512@0;64@5000;320@90017;64@115022;320@430085;64@465092;320@470093;64@500099;320@525104;64@725144;320@910181;
KDD99_F,1,1000000,0.77173,4494,154,78612,313622,2140,140,10,8512@0;64@5000;320@90017;64@115022;320@430085;64@465092;320@470093;64@500099;320@525104;64@725144;320@910181;
KDD99_F,1,1050000,0.991249,4438.66,169,90247,327829,2140,40,11,8512@0;64@5000;320@90017;64@115022;320@430085;64@465092;320@470093;64@500099;320@525104;64@725144;320@910181;64@1015202;
KDD99_F,1,1100000,0.910033,4582.91,134,92652,345595,2140,140,12,8512@0;64@5000;320@90017;64@115022;320@430085;64@465092;320@470093;64@500099;320@525104;64@725144;320@910181;64@1015202;320@1065212;
KDD99_F,1,1150000,0.920439,4753.96,128,86262,355280,2140,140,12,8512@0;64@5000;320@90017;64@115022;320@430085;64@465092;320@470093;64@500099;320@525104;64@725144;320@910181;64@1015202;320@1065212;
KDD99_F,1,1200000,0.693859,4973.33,159,102738,372965,2140,140,14,8512@0;64@5000;320@90017;64@115022;320@430085;64@465092;320@470093;64@500099;320@525104;64@725144;320@910181;64@1015202;320@1065212;64@1190237;320@1195238;
KDD99_F,1,1250000,0.887209,5191.97,156,87459,393171,2140,140,14,8512@0;64@5000;320@90017;64@115022;320@430085;64@465092;320@470093;64@500099;320@525104;64@725144;320@910181;64@1015202;320@1065212;64@1190237;320@1195238;
KDD99_F,1,1300000,0.667035,5384.97,146,95604,408177,2140,140,16,8512@0;64@5000;320@90017;64@115022;320@430085;64@465092;320@470093;64@500099;320@525104;64@725144;320@910181;64@1015202;320@1065212;64@1190237;320@1195238;64@1270253;320@1275254;
KDD99_F,1,1350000,0.989436,5535.84,203,90092,427933,2140,40,17,8512@0;64@5000;320@90017;64@115022;320@430085;64@465092;320@470093;64@500099;320@525104;64@725144;320@910181;64@1015202;320@1065212;64@1190237;320@1195238;64@1270253;320@1275254;64@1345268;
KDD99_F,1,1400000,0.996226,5366.44,188,94664,437645,2140,40,17,8512@0;64@5000;320@90017;64@115022;320@430085;64@465092;320@470093;64@500099;320@525104;64@725144;320@910181;64@1015202;320@1065212;64@1190237;320@1195238;64@1270253;320@1275254;64@1345268;
KDD99_F,1,1450000,0.989069,5408.45,201,102908,454036,2140,40,19,8512@0;64@5000;320@90017;64@115022;320@430085;64@465092;320@470093;64@500099;320@525104;64@725144;320@910181;64@1015202;320@1065212;64@1190237;320@1195238;64@1270253;320@1275254;64@1345268;320@1425284;64@1430285;
KDD99_F,1,1500000,0.693077,5518.51,171,101780,470920,2140,140,20,8512@0;64@5000;320@90017;64@115022;320@430085;64@465092;320@470093;64@500099;320@525104;64@725144;320@910181;64@1015202;320@1065212;64@1190237;320@1195238;64@1270253;320@1275254;64@1345268;320@1425284;64@1430285;320@1470293;
KDD99_F,1,1550000,0.701123,5731.64,194,99795,483224,2140,140,20,8512@0;64@5000;320@90017;64@115022;320@430085;64@465092;320@470093;64@500099;320@525104;64@725144;320@910181;64@1015202;320@1065212;64@1190237;320@1195238;64@1270253;320@1275254;64@1345268;320@1425284;64@1430285;320@1470293;
KDD99_F,1,1600000,0.708716,5914.47,224,108451,502502,2140,140,20,8512@0;64@5000;320@90017;64@115022;320@430085;64@465092;320@470093;64@500099;320@525104;64@725144;320@910181;64@1015202;320@1065212;64@1190237;320@1195238;64@1270253;320@1275254;64@1345268;320@1425284;64@1430285;320@1470293;
KDD99_F,1,1650000,0.716685,6099.74,228,98650,521108,2140,140,20,8512@0;64@5000;320@90017;64@115022;320@430085;64@465092;320@470093;64@500099;320@525104;64@725144;320@910181;64@1015202;320@1065212;64@1190237;320@1195238;64@1270253;320@1275254;64@1345268;320@1425284;64@1430285;320@1470293;
KDD99_F,1,1700000,0.724995,6306.34,219,98651,534983,2140,140,20,8512@0;64@5000;320@90017;64@115022;320@430085;64@465092;320@470093;64@500099;320@525104;64@725144;320@910181;64@1015202;320@1065212;64@1190237;320@1195238;64@1270253;320@1275254;64@1345268;320@1425284;64@1430285;320@1470293;
KDD99_F,1,1750000,0.732847,6447.45,235,107973,554958,2140,140,20,8512@0;64@5000;320@90017;64@115022;320@430085;64@465092;320@470093;64@500099;320@525104;64@725144;320@910181;64@1015202;320@1065212;64@1190237;320@1195238;64@1270253;320@1275254;64@1345268;320@1425284;64@1430285;320@1470293;
KDD99_F,1,1800000,0.740268,6640.18,254,100442,569715,2140,140,20,8512@0;64@5000;320@90017;64@115022;320@430085;64@465092;320@470093;64@500099;320@525104;64@725144;320@910181;64@1015202;320@1065212;64@1190237;320@1195238;64@1270253;320@1275254;64@1345268;320@1425284;64@1430285;320@1470293;
KDD99_F,1,1850000,0.753006,6878.42,212,103483,575411,2140,140,20,8512@0;64@5000;320@90017;64@115022;320@430085;64@465092;320@470093;64@500099;320@525104;64@725144;320@910181;64@1015202;320@1065212;64@1190237;320@1195238;64@1270253;320@1275254;64@1345268;320@1425284;64@1430285;320@1470293;
KDD99_F,1,1900000,0.762903,7252.25,230,102617,594572,2140,140,20,8512@0;64@5000;320@90017;64@115022;320@430085;64@465092;320@470093;64@500099;320@525104;64@725144;320@910181;64@1015202;320@1065212;64@1190237;320@1195238;64@1270253;320@1275254;64@1345268;320@1425284;64@1430285;320@1470293;
KDD99_F,1,1950000,0.768982,7096.13,215,106045,611000,2140,140,20,8512@0;64@5000;320@90017;64@115022;320@430085;64@465092;320@470093;64@500099;320@525104;64@725144;320@910181;64@1015202;320@1065212;64@1190237;320@1195238;64@1270253;320@1275254;64@1345268;320@1425284;64@1430285;320@1470293;
KDD99_F,1,2000000,0.774757,7409.68,214,100145,622002,2140,140,20,8512@0;64@5000;320@90017;64@115022;320@430085;64@465092;320@470093;64@500099;320@525104;64@725144;320@910181;64@1015202;320@1065212;64@1190237;320@1195238;64@1270253;320@1275254;64@1345268;320@1425284;64@1430285;320@1470293;
KDD99_F,1,2050000,0.780251,7585.26,224,97930,625596,2140,140,20,8512@0;64@5000;320@90017;64@115022;320@430085;64@465092;320@470093;64@500099;320@525104;64@725144;320@910181;64@1015202;320@1065212;64@1190237;320@1195238;64@1270253;320@1275254;64@1345268;320@1425284;64@1430285;320@1470293;
KDD99_F,1,2100000,0.785483,7756.85,223,100239,650189,2140,140,20,8512@0;64@5000;320@90017;64@115022;320@430085;64@465092;320@470093;64@500099;320@525104;64@725144;320@910181;64@1015202;320@1065212;64@1190237;320@1195238;64@1270253;320@1275254;64@1345268;320@1425284;64@1430285;320@1470293;
KDD99_F,1,2150000,0.790472,7897.49,224,100560,661719,2140,140,20,8512@0;64@5000;320@90017;64@115022;320@430085;64@465092;320@470093;64@500099;320@525104;64@725144;320@910181;64@1015202;320@1065212;64@1190237;320@1195238;64@1270253;320@1275254;64@1345268;320@1425284;64@1430285;320@1470293;
KDD99_F,1,2200000,0.795234,8091.21,238,100834,684668,2140,140,20,8512@0;64@5000;320@90017;64@115022;320@430085;64@465092;320@470093;64@500099;320@525104;64@725144;320@910181;64@1015202;320@1065212;64@1190237;320@1195238;64@1270253;320@1275254;64@1345268;320@1425284;64@1430285;320@1470293;
KDD99_F,1,2250000,0.799784,8295.76,240,103613,698678,2140,140,20,8512@0;64@5000;320@90017;64@115022;320@430085;64@465092;320@470093;64@500099;320@525104;64@725144;320@910181;64@1015202;320@1065212;64@1190237;320@1195238;64@1270253;320@1275254;64@1345268;320@1425284;64@1430285;320@1470293;
KDD99_F,1,2300000,0.804137,8564.63,268,98579,719920,2140,140,20,8512@0;64@5000;320@90017;64@115022;320@430085;64@465092;320@470093;64@500099;320@525104;64@725144;320@910181;64@1015202;320@1065212;64@1190237;320@1195238;64@1270253;320@1275254;64@1345268;320@1425284;64@1430285;320@1470293;
KDD99_F,1,2350000,0.808304,8640.38,236,98593,728938,2140,140,20,8512@0;64@5000;320@90017;64@115022;320@430085;64@465092;320@470093;64@500099;320@525104;64@725144;320@910181;64@1015202;320@1065212;64@1190237;320@1195238;64@1270253;320@1275254;64@1345268;320@1425284;64@1430285;320@1470293;
KDD99_F,1,2400000,0.812298,8751.41,239,105054,748208,2140,140,20,8512@0;64@5000;320@90017;64@115022;320@430085;64@465092;320@470093;64@500099;320@525104;64@725144;320@910181;64@1015202;320@1065212;64@1190237;320@1195238;64@1270253;320@1275254;64@1345268;320@1425284;64@1430285;320@1470293;
KDD99_F,1,2450000,0.816129,8987.43,281,102415,759412,2140,140,20,8512@0;64@5000;320@90017;64@115022;320@430085;64@465092;320@470093;64@500099;320@525104;64@725144;320@910181;64@1015202;320@1065212;64@1190237;320@1195238;64@1270253;320@1275254;64@1345268;320@1425284;64@1430285;320@1470293;
KDD99_F,1,2500000,0.819806,9165.75,255,107737,776382,2140,140,20,8512@0;64@5000;320@90017;64@115022;320@430085;64@465092;320@470093;64@500099;320@525104;64@725144;320@910181;64@1015202;320@1065212;64@1190237;320@1195238;64@1270253;320@1275254;64@1345268;320@1425284;64@1430285;320@1470293;
KDD99_F,1,2550000,0.823339,9356,271,106971,792477,2140,140,20,8512@0;64@5000;320@90017;64@115022;320@430085;64@465092;320@470093;64@500099;320@525104;64@725144;320@910181;64@1015202;320@1065212;64@1190237;320@1195238;64@1270253;320@1275254;64@1345268;320@1425284;64@1430285;320@1470293;
KDD99_F,1,2600000,0.826737,9560.3,259,102340,807643,2140,140,20,8512@0;64@5000;320@90017;64@115022;320@430085;64@465092;320@470093;64@500099;320@525104;64@725144;320@910181;64@1015202;320@1065212;64@1190237;320@1195238;64@1270253;320@1275254;64@1345268;320@1425284;64@1430285;320@1470293;
KDD99_F,1,2650000,0.830006,9779.44,289,102804,820371,2140,140,20,8512@0;64@5000;320@90017;64@115022;320@430085;64@465092;320@470093;64@500099;320@525104;64@725144;320@910181;64@1015202;320@1065212;64@1190237;320@1195238;64@1270253;320@1275254;64@1345268;320@1425284;64@1430285;320@1470293;
KDD99_F,1,2700000,0.833154,9933.11,304,109245,860528,2140,140,20,8512@0;64@5000;320@90017;64@115022;320@430085;64@465092;320@470093;64@500099;320@525104;64@725144;320@910181;64@1015202;320@1065212;64@1190237;320@1195238;64@1270253;320@1275254;64@1345268;320@1425284;64@1430285;320@1470293;
KDD99_F,1,2750000,0.836187,10066.9,274,99671,852223,2140,140,20,8512@0;64@5000;320@90017;64@115022;320@430085;64@465092;320@470093;64@500099;320@525104;64@725144;320@910181;64@1015202;320@1065212;64@1190237;320@1195238;64@1270253;320@1275254;64@1345268;320@1425284;64@1430285;320@1470293;
KDD99_F,1,2800000,0.839113,10324.5,307,99774,869204,2140,140,20,8512@0;64@5000;320@90017;64@115022;320@430085;64@465092;320@470093;64@500099;320@525104;64@725144;320@910181;64@1015202;320@1065212;64@1190237;320@1195238;64@1270253;320@1275254;64@1345268;320@1425284;64@1430285;320@1470293;
KDD99_F,1,2850000,0.841935,10354.1,329,122271,888963,2140,140,20,8512@0;64@5000;320@90017;64@115022;320@430085;64@465092;320@470093;64@500099;320@525104;64@725144;320@910181;64@1015202;320@1065212;64@1190237;320@1195238;64@1270253;320@1275254;64@1345268;320@1425284;64@1430285;320@1470293;
KDD99_F,1,2900000,0.84466,10673.6,346,104063,921656,2140,140,20,8512@0;64@5000;320@90017;64@115022;320@430085;64@465092;320@470093;64@500099;320@525104;64@725144;320@910181;64@1015202;320@1065212;64@1190237;320@1195238;64@1270253;320@1275254;64@1345268;320@1425284;64@1430285;320@1470293;
KDD99_F,1,2950000,0.847293,10653.8,317,106141,933626,2140,140,20,8512@0;64@5000;320@90017;64@115022;320@430085;64@465092;320@470093;64@500099;320@525104;64@725144;320@910181;64@1015202;320@1065212;64@1190237;320@1195238;64@1270253;320@1275254;64@1345268;320@1425284;64@1430285;320@1470293;
KDD99_F,1,3000000,0.849838,10882.8,309,101966,929556,2140,140,20,8512@0;64@5000;320@90017;64@115022;320@430085;64@465092;320@470093;64@500099;320@525104;64@725144;320@910181;64@1015202;320@1065212;64@1190237;320@1195238;64@1270253;320@1275254;64@1345268;320@1425284;64@1430285;320@1470293;
KDD99_F,1,3050000,0.8523,11118.6,300,112937,951326,2140,140,20,8512@0;64@5000;320@90017;64@115022;320@430085;64@465092;320@470093;64@500099;320@525104;64@725144;320@910181;64@1015202;320@1065212;64@1190237;320@1195238;64@1270253;320@1275254;64@1345268;320@1425284;64@1430285;320@1470293;
KDD99_F,1,3100000,0.854682,11390.3,389,107226,985588,2140,140,20,8512@0;64@5000;320@90017;64@115022;320@430085;64@465092;320@470093;64@500099;320@525104;64@725144;320@910181;64@1015202;320@1065212;64@1190237;320@1195238;64@1270253;320@1275254;64@1345268;320@1425284;64@1430285;320@1470293;
KDD99_F,1,3150000,0.856989,11392.2,312,109005,981627,2140,140,20,8512@0;64@5000;320@90017;64@115022;320@430085;64@465092;320@470093;64@500099;320@525104;64@725144;320@910181;64@1015202;320@1065212;64@1190237;320@1195238;64@1270253;320@1275254;64@1345268;320@1425284;64@1430285;320@1470293;
KDD99_F,1,3200000,0.859223,11630.4,414,98051,994875,2140,140,20,8512@0;64@5000;320@90017;64@115022;320@430085;64@465092;320@470093;64@500099;320@525104;64@725144;320@910181;64@1015202;320@1065212;64@1190237;320@1195238;64@1270253;320@1275254;64@1345268;320@1425284;64@1430285;320@1470293;
KDD99_F,1,3250000,0.861389,11911.4,339,102970,1004588,2140,140,20,8512@0;64@5000;320@90017;64@115022;320@430085;64@465092;320@470093;64@500099;320@525104;64@725144;320@910181;64@1015202;320@1065212;64@1190237;320@1195238;64@1270253;320@1275254;64@1345268;320@1425284;64@1430285;320@1470293;
KDD99_F,1,3300000,0.863489,12071.1,295,102513,1041713,2140,140,20,8512@0;64@5000;320@90017;64@115022;320@430085;64@465092;320@470093;64@500099;320@525104;64@725144;320@910181;64@1015202;320@1065212;64@1190237;320@1195238;64@1270253;320@1275254;64@1345268;320@1425284;64@1430285;320@1470293;
KDD99_F,1,3350000,0.865527,12316.6,304,107946,1031295,2140,140,20,8512@0;64@5000;320@90017;64@115022;320@430085;64@465092;320@470093;64@500099;320@525104;64@725144;320@910181;64@1015202;320@1065212;64@1190237;320@1195238;64@1270253;320@1275254;64@1345268;320@1425284;64@1430285;320@1470293;
KDD99_F,1,3400000,0.867519,12330.8,389,110172,1071816,2140,140,20,8512@0;64@5000;320@90017;64@115022;320@430085;64@465092;320@470093;64@500099;320@525104;64@725144;320@910181;64@1015202;320@1065212;64@1190237;320@1195238;64@1270253;320@1275254;64@1345268;320@1425284;64@1430285;320@1470293;
KDD99_F,1,3450000,0.993883,12194.6,401,102191,1090890,2140,40,21,8512@0;64@5000;320@90017;64@115022;320@430085;64@465092;320@470093;64@500099;320@525104;64@725144;320@910181;64@1015202;320@1065212;64@1190237;320@1195238;64@1270253;320@1275254;64@1345268;320@1425284;64@1430285;320@1470293;64@3400679;
KDD99_F,1,3500000,0.975328,12353.2,377,110691,1084164,2140,140,22,8512@0;64@5000;320@90017;64@115022;320@430085;64@465092;320@470093;64@500099;320@525104;64@725144;320@910181;64@1015202;320@1065212;64@1190237;320@1195238;64@1270253;320@1275254;64@1345268;320@1425284;64@1430285;320@1470293;64@3400679;320@3465692;
KDD99_F,1,3550000,0.973137,12554.1,350,108614,1098480,2140,140,22,8512@0;64@5000;320@90017;64@115022;320@430085;64@465092;320@470093;64@500099;320@525104;64@725144;320@910181;64@1015202;320@1065212;64@1190237;320@1195238;64@1270253;320@1275254;64@1345268;320@1425284;64@1430285;320@1470293;64@3400679;320@3465692;
KDD99_F,1,3600000,0.97911,12820.2,357,108255,1112154,2140,140,22,8512@0;64@5000;320@90017;64@115022;320@430085;64@465092;320@470093;64@500099;320@525104;64@725144;320@910181;64@1015202;320@1065212;64@1190237;320@1195238;64@1270253;320@1275254;64@1345268;320@1425284;64@1430285;320@1470293;64@3400679;320@3465692;
KDD99_F,1,3650000,0.981202,12784.8,342,107291,1128093,2140,140,22,8512@0;64@5000;320@90017;64@115022;320@430085;64@465092;320@470093;64@500099;320@525104;64@725144;320@910181;64@1015202;320@1065212;64@1190237;320@1195238;64@1270253;320@1275254;64@1345268;320@1425284;64@1430285;320@1470293;64@3400679;320@3465692;
KDD99_F,1,3700000,0.930541,12830.7,341,120633,1151519,2140,140,24,8512@0;64@5000;320@90017;64@115022;320@430085;64@465092;320@470093;64@500099;320@525104;64@725144;320@910181;64@1015202;320@1065212;64@1190237;320@1195238;64@1270253;320@1275254;64@1345268;320@1425284;64@1430285;320@1470293;64@3400679;320@3465692;64@3665732;320@3690737;
KDD99_F,1,3750000,0.94106,13010.5,334,106017,1157136,2140,140,24,8512@0;64@5000;320@90017;64@115022;320@430085;64@465092;320@470093;64@500099;320@525104;64@725144;320@910181;64@1015202;320@1065212;64@1190237;320@1195238;64@1270253;320@1275254;64@1345268;320@1425284;64@1430285;320@1470293;64@3400679;320@3465692;64@3665732;320@3690737;
KDD99_F,1,3800000,0.818018,13151.1,378,106350,1174757,2140,140,28,8512@0;64@5000;320@90017;64@115022;320@430085;64@465092;320@470093;64@500099;320@525104;64@725144;320@910181;64@1015202;320@1065212;64@1190237;320@1195238;64@1270253;320@1275254;64@1345268;320@1425284;64@1430285;320@1470293;64@3400679;320@3465692;64@3665732;320@3690737;64@3770753;320@3775754;64@3790757;320@3795758;
KDD99_F,1,3850000,0.947662,13262.3,400,108532,1216578,2140,140,28,8512@0;64@5000;320@90017;64@115022;320@430085;64@465092;320@470093;64@500099;320@525104;64@725144;320@910181;64@1015202;320@1065212;64@1190237;320@1195238;64@1270253;320@1275254;64@1345268;320@1425284;64@1430285;320@1470293;64@3400679;320@3465692;64@3665732;320@3690737;64@3770753;320@3775754;64@3790757;320@3795758;
KDD99_F,1,3900000,0.960083,13416.1,426,109586,1219440,2140,140,28,8512@0;64@5000;320@90017;64@115022;320@430085;64@465092;320@470093;64@500099;320@525104;64@725144;320@910181;64@1015202;320@1065212;64@1190237;320@1195238;64@1270253;320@1275254;64@1345268;320@1425284;64@1430285;320@1470293;64@3400679;320@3465692;64@3665732;320@3690737;64@3770753;320@3775754;64@3790757;320@3795758;
KDD99_F,1,3950000,0.787865,13565.9,391,112338,1225930,2140,140,30,8512@0;64@5000;320@90017;64@115022;320@430085;64@465092;320@470093;64@500099;320@525104;64@725144;320@910181;64@1015202;320@1065212;64@1190237;320@1195238;64@1270253;320@1275254;64@1345268;320@1425284;64@1430285;320@1470293;64@3400679;320@3465692;64@3665732;320@3690737;64@3770753;320@3775754;64@3790757;320@3795758;64@3930785;320@3935786;
KDD99_F,1,4000000,0.785786,13650.8,422,115557,1233738,2140,140,30,8512@0;64@5000;320@90017;64@115022;320@430085;64@465092;320@470093;64@500099;320@525104;64@725144;320@910181;64@1015202;320@1065212;64@1190237;320@1195238;64@1270253;320@1275254;64@1345268;320@1425284;64@1430285;320@1470293;64@3400679;320@3465692;64@3665732;320@3690737;64@3770753;320@3775754;64@3790757;320@3795758;64@3930785;320@3935786;
KDD99_F,1,4050000,0.787715,13975.7,415,104424,1223873,2140,140,30,8512@0;64@5000;320@90017;64@115022;320@430085;64@465092;320@470093;64@500099;320@525104;64@725144;320@910181;64@1015202;320@1065212;64@1190237;320@1195238;64@1270253;320@1275254;64@1345268;320@1425284;64@1430285;320@1470293;64@3400679;320@3465692;64@3665732;320@3690737;64@3770753;320@3775754;64@3790757;320@3795758;64@3930785;320@3935786;
KDD99_F,1,4100000,0.787552,14093.4,373,110539,1262398,2140,140,30,8512@0;64@5000;320@90017;64@115022;320@430085;64@465092;320@470093;64@500099;320@525104;64@725144;320@910181;64@1015202;320@1065212;64@1190237;320@1195238;64@1270253;320@1275254;64@1345268;320@1425284;64@1430285;320@1470293;64@3400679;320@3465692;64@3665732;320@3690737;64@3770753;320@3775754;64@3790757;320@3795758;64@3930785;320@3935786;
KDD99_F,1,4150000,0.789884,14160.6,410,111591,1284907,2140,140,30,8512@0;64@5000;320@90017;64@115022;320@430085;64@465092;320@470093;64@500099;320@525104;64@725144;320@910181;64@1015202;320@1065212;64@1190237;320@1195238;64@1270253;320@1275254;64@1345268;320@1425284;64@1430285;320@1470293;64@3400679;320@3465692;64@3665732;320@3690737;64@3770753;320@3775754;64@3790757;320@3795758;64@3930785;320@3935786;
KDD99_F,1,4200000,0.792354,14406.1,410,112250,1300937,2140,140,30,8512@0;64@5000;320@90017;64@115022;320@430085;64@465092;320@470093;64@500099;320@525104;64@725144;320@910181;64@1015202;320@1065212;64@1190237;320@1195238;64@1270253;320@1275254;64@1345268;320@1425284;64@1430285;320@1470293;64@3400679;320@3465692;64@3665732;320@3690737;64@3770753;320@3775754;64@3790757;320@3795758;64@3930785;320@3935786;
KDD99_F,1,4250000,0.794792,14605.1,444,105732,1324934,2140,140,30,8512@0;64@5000;320@90017;64@115022;320@430085;64@465092;320@470093;64@500099;320@525104;64@725144;320@910181;64@1015202;320@1065212;64@1190237;320@1195238;64@1270253;320@1275254;64@1345268;320@1425284;64@1430285;320@1470293;64@3400679;320@3465692;64@3665732;320@3690737;64@3770753;320@3775754;64@3790757;320@3795758;64@3930785;320@3935786;
KDD99_F,1,4300000,0.797149,14719.5,424,108613,1356685,2140,140,30,8512@0;64@5000;320@90017;64@115022;320@430085;64@465092;320@470093;64@500099;320@525104;64@725144;320@910181;64@1015202;320@1065212;64@1190237;320@1195238;64@1270253;320@1275254;64@1345268;320@1425284;64@1430285;320@1470293;64@3400679;320@3465692;64@3665732;320@3690737;64@3770753;320@3775754;64@3790757;320@3795758;64@3930785;320@3935786;
KDD99_F,1,4350000,0.79945,14853.7,423,113696,1357563,2140,140,30,8512@0;64@5000;320@90017;64@115022;320@430085;64@465092;320@470093;64@500099;320@525104;64@725144;320@910181;64@1015202;320@1065212;64@1190237;320@1195238;64@1270253;320@1275254;64@1345268;320@1425284;64@1430285;320@1470293;64@3400679;320@3465692;64@3665732;320@3690737;64@3770753;320@3775754;64@3790757;320@3795758;64@3930785;320@3935786;
KDD99_F,1,4400000,0.801725,15063.5,416,105498,1369130,2140,140,30,8512@0;64@5000;320@90017;64@115022;320@430085;64@465092;320@470093;64@500099;320@525104;64@725144;320@910181;64@1015202;320@1065212;64@1190237;320@1195238;64@1270253;320@1275254;64@1345268;320@1425284;64@1430285;320@1470293;64@3400679;320@3465692;64@3665732;320@3690737;64@3770753;320@3775754;64@3790757;320@3795758;64@3930785;320@3935786;
KDD99_F,1,4450000,0.803927,15160.6,420,109529,1372717,2140,140,30,8512@0;64@5000;320@90017;64@115022;320@430085;64@465092;320@470093;64@500099;320@525104;64@725144;320@910181;64@1015202;320@1065212;64@1190237;320@1195238;64@1270253;320@1275254;64@1345268;320@1425284;64@1430285;320@1470293;64@3400679;320@3465692;64@3665732;320@3690737;64@3770753;320@3775754;64@3790757;320@3795758;64@3930785;320@3935786;
KDD99_F,1,4500000,0.992178,15244.8,462,109329,1399796,2140,40,31,8512@0;64@5000;320@90017;64@115022;320@430085;64@465092;320@470093;64@500099;320@525104;64@725144;320@910181;64@1015202;320@1065212;64@1190237;320@1195238;64@1270253;320@1275254;64@1345268;320@1425284;64@1430285;320@1470293;64@3400679;320@3465692;64@3665732;320@3690737;64@3770753;320@3775754;64@3790757;320@3795758;64@3930785;320@3935786;64@4460891;
KDD99_F,1,4550000,0.994056,22554.2,365,87582,979798,2140,40,31,8512@0;64@5000;320@90017;64@115022;320@430085;64@465092;320@470093;64@500099;320@525104;64@725144;320@910181;64@1015202;320@1065212;64@1190237;320@1195238;64@1270253;320@1275254;64@1345268;320@1425284;64@1430285;320@1470293;64@3400679;320@3465692;64@3665732;320@3690737;64@3770753;320@3775754;64@3790757;320@3795758;64@3930785;320@3935786;64@4460891;
KDD99_F,1,4600000,0.922371,22743.6,253,82208,975920,2140,140,34,8512@0;64@5000;320@90017;64@115022;320@430085;64@465092;320@470093;64@500099;320@525104;64@725144;320@910181;64@1015202;320@1065212;64@1190237;320@1195238;64@1270253;320@1275254;64@1345268;320@1425284;64@1430285;320@1470293;64@3400679;320@3465692;64@3665732;320@3690737;64@3770753;320@3775754;64@3790757;320@3795758;64@3930785;320@3935786;64@4460891;320@4565912;64@4580915;320@4585916;
KDD99_F,1,4650000,0.972512,23109.3,252,81249,990010,2140,140,34,8512@0;64@5000;320@90017;64@115022;320@430085;64@465092;320@470093;64@500099;320@525104;64@725144;320@910181;64@1015202;320@1065212;64@1190237;320@1195238;64@1270253;320@1275254;64@1345268;320@1425284;64@1430285;320@1470293;64@3400679;320@3465692;64@3665732;320@3690737;64@3770753;320@3775754;64@3790757;320@3795758;64@3930785;320@3935786;64@4460891;320@4565912;64@4580915;320@4585916;
KDD99_F,1,4700000,0.972209,23220.3,267,83239,997868,2140,140,34,8512@0;64@5000;320@90017;64@115022;320@430085;64@465092;320@470093;64@500099;320@525104;64@725144;320@910181;64@1015202;320@1065212;64@1190237;320@1195238;64@1270253;320@1275254;64@1345268;320@1425284;64@1430285;320@1470293;64@3400679;320@3465692;64@3665732;320@3690737;64@3770753;320@3775754;64@3790757;320@3795758;64@3930785;320@3935786;64@4460891;320@4565912;64@4580915;320@4585916;
KDD99_F,1,4750000,0.977801,23321.3,261,83835,1009888,2140,140,34,8512@0;64@5000;320@90017;64@115022;320@430085;64@465092;320@470093;64@500099;320@525104;64@725144;320@910181;64@1015202;320@1065212;64@1190237;320@1195238;64@1270253;320@1275254;64@1345268;320@1425284;64@1430285;320@1470293;64@3400679;320@3465692;64@3665732;320@3690737;64@3770753;320@3775754;64@3790757;320@3795758;64@3930785;320@3935786;64@4460891;320@4565912;64@4580915;320@4585916;
KDD99_F,1,4800000,0.99235,23273.2,258,81142,1020042,2140,40,35,8512@0;64@5000;320@90017;64@115022;320@430085;64@465092;320@470093;64@500099;320@525104;64@725144;320@910181;64@1015202;320@1065212;64@1190237;320@1195238;64@1270253;320@1275254;64@1345268;320@1425284;64@1430285;320@1470293;64@3400679;320@3465692;64@3665732;320@3690737;64@3770753;320@3775754;64@3790757;320@3795758;64@3930785;320@3935786;64@4460891;320@4565912;64@4580915;320@4585916;64@4765952;
KDD99_F,1,4850000,0.575281,22513.4,274,85924,1037323,2140,140,38,8512@0;64@5000;320@90017;64@115022;320@430085;64@465092;320@470093;64@500099;320@525104;64@725144;320@910181;64@1015202;320@1065212;64@1190237;320@1195238;64@1270253;320@1275254;64@1345268;320@1425284;64@1430285;320@1470293;64@3400679;320@3465692;64@3665732;320@3690737;64@3770753;320@3775754;64@3790757;320@3795758;64@3930785;320@3935786;64@4460891;320@4565912;64@4580915;320@4585916;64@4765952;320@4815962;64@4820963;320@4840967;
KDD99_F,1,4898431,0.991557,22383.6,261,86230,1038661,2140,40,39,8512@0;64@5000;320@90017;64@115022;320@430085;64@465092;320@470093;64@500099;320@525104;64@725144;320@910181;64@1015202;320@1065212;64@1190237;320@1195238;64@1270253;320@1275254;64@1345268;320@1425284;64@1430285;320@1470293;64@3400679;320@3465692;64@3665732;320@3690737;64@3770753;320@3775754;64@3790757;320@3795758;64@3930785;320@3935786;64@4460891;320@4565912;64@4580915;320@4585916;64@4765952;320@4815962;64@4820963;320@4840967;64@4870973;
KDD99_F,2,50000,0.99992,701870,0,0,0,1412,1412,0,5138@0;
KDD99_F,2,100000,0.77888,787276,0,0,0,1412,1412,0,5138@0;
KDD99_F,2,150000,0.75358,783795,0,0,0,1412,1412,0,5138@0;
KDD99_F,2,200000,0.814585,742244,0,0,0,1412,1412,0,5138@0;
KDD99_F,2,250000,0.850784,728788,0,0,0,1412,1412,0,5138@0;
KDD99_F,2,300000,0.875143,679806,0,0,0,1412,1412,0,5138@0;
KDD99_F,2,350000,0.892946,654452,0,0,0,1412,1412,0,5138@0;
KDD99_F,2,400000,0.90192,650037,0,0,0,1412,1412,0,5138@0;
KDD99_F,2,450000,0.843709,616719,0,0,0,1412,1412,0,5138@0;
KDD99_F,2,500000,0.763608,654029,0,0,0,1412,1412,0,5138@0;
KDD99_F,2,550000,0.752867,502753,0,0,0,1412,1412,0,5138@0;
KDD99_F,2,600000,0.773462,406528,0,0,0,1412,1412,0,5138@0;
KDD99_F,2,650000,0.790888,347491,0,0,0,1412,1412,0,5138@0;
KDD99_F,2,700000,0.805824,299916,0,0,0,1412,1412,0,5138@0;
KDD99_F,2,750000,0.801777,290896,0,0,0,1412,1412,0,5138@0;
KDD99_F,2,800000,0.818364,298841,0,0,0,1412,1412,0,5138@0;
KDD99_F,2,850000,0.824838,306377,0,0,0,1412,1412,0,5138@0;
KDD99_F,2,900000,0.823991,311395,0,0,0,1412,1412,0,5138@0;
KDD99_F,2,950000,0.780623,322814,0,0,0,1412,1412,0,5138@0;
KDD99_F,2,1000000,0.741592,319582,0,0,0,1412,1412,0,5138@0;
KDD99_F,2,1050000,0.737375,333298,0,0,0,1412,1412,0,5138@0;
KDD99_F,2,1100000,0.747499,319175,0,0,0,1412,1412,0,5138@0;
KDD99_F,2,1150000,0.758477,297674,0,0,0,1412,1412,0,5138@0;
KDD99_F,2,1200000,0.768528,283444,0,0,0,1412,1412,0,5138@0;
KDD99_F,2,1250000,0.777787,266488,0,0,0,1412,1412,0,5138@0;
KDD99_F,2,1300000,0.759985,268785,0,0,0,1412,1412,0,5138@0;
KDD99_F,2,1350000,0.736172,275648,0,0,0,1412,1412,0,5138@0;
KDD99_F,2,1400000,0.739395,276922,0,0,0,1412,1412,0,5138@0;
KDD99_F,2,1450000,0.73441,277910,0,0,0,1412,1412,0,5138@0;
KDD99_F,2,1500000,0.741385,272502,0,0,0,1412,1412,0,5138@0;
KDD99_F,2,1550000,0.717469,277830,0,0,0,1412,1412,0,5138@0;
KDD99_F,2,1600000,0.695048,292620,0,0,0,1412,1412,0,5138@0;
KDD99_F,2,1650000,0.673986,177603,0,0,0,1412,1412,0,5138@0;
KDD99_F,2,1700000,0.654163,211964,0,0,0,1412,1412,0,5138@0;
KDD99_F,2,1750000,0.635473,214056,0,0,0,1412,1412,0,5138@0;
KDD99_F,2,1800000,0.624447,228831,0,0,0,1412,1412,0,5138@0;
KDD99_F,2,1850000,0.634597,235232,0,0,0,1412,1412,0,5138@0;
KDD99_F,2,1900000,0.644213,237178,0,0,0,1412,1412,0,5138@0;
KDD99_F,2,1950000,0.653336,222267,0,0,0,1412,1412,0,5138@0;
KDD99_F,2,2000000,0.662003,238301,0,0,0,1412,1412,0,5138@0;
KDD99_F,2,2050000,0.670246,249637,0,0,0,1412,1412,0,5138@0;
KDD99_F,2,2100000,0.678098,314833,0,0,0,1412,1412,0,5138@0;
KDD99_F,2,2150000,0.685584,263756,0,0,0,1412,1412,0,5138@0;
KDD99_F,2,2200000,0.69273,242675,0,0,0,1412,1412,0,5138@0;
KDD99_F,2,2250000,0.699558,271726,0,0,0,1412,1412,0,5138@0;
KDD99_F,2,2300000,0.706089,213059,0,0,0,1412,1412,0,5138@0;
KDD99_F,2,2350000,0.712343,272197,0,0,0,1412,1412,0,5138@0;
KDD99_F,2,2400000,0.718335,259612,0,0,0,1412,1412,0,5138@0;
KDD99_F,2,2450000,0.724084,275009,0,0,0,1412,1412,0,5138@0;
KDD99_F,2,2500000,0.729602,296237,0,0,0,1412,1412,0,5138@0;
KDD99_F,2,2550000,0.734904,302846,0,0,0,1412,1412,0,5138@0;
KDD99_F,2,2600000,0.740002,298067,0,0,0,1412,1412,0,5138@0;
KDD99_F,2,2650000,0.744908,280996,0,0,0,1412,1412,0,5138@0;
KDD99_F,2,2700000,0.749631,293848,0,0,0,1412,1412,0,5138@0;
KDD99_F,2,2750000,0.754184,321981,0,0,0,1412,1412,0,5138@0;
KDD99_F,2,2800000,0.758573,316536,0,0,0,1412,1412,0,5138@0;
KDD99_F,2,2850000,0.762809,271147,0,0,0,1412,1412,0,5138@0;
KDD99_F,2,2900000,0.766898,282294,0,0,0,1412,1412,0,5138@0;
KDD99_F,2,2950000,0.770849,328970,0,0,0,1412,1412,0,5138@0;
KDD99_F,2,3000000,0.774668,331189,0,0,0,1412,1412,0,5138@0;
KDD99_F,2,3050000,0.619527,293275,0,72,1094550,1412,312,1,5138@0;786@3000000;
KDD99_F,2,3100000,0.625664,224695,0,322,2327582,1412,312,1,5138@0;786@3000000;
KDD99_F,2,3150000,0.631606,289512,0,75,1061682,1412,312,1,5138@0;786@3000000;
KDD99_F,2,3200000,0.637362,311078,0,69,1013981,1412,312,1,5138@0;786@3000000;
KDD99_F,2,3250000,0.642941,311296,0,79,1025094,1412,312,1,5138@0;786@3000000;
KDD99_F,2,3300000,0.648351,316748,0,65,1011881,1412,312,1,5138@0;786@3000000;
KDD99_F,2,3350000,0.653599,319841,0,67,1022093,1412,312,1,5138@0;786@3000000;
KDD99_F,2,3400000,0.657484,286961,0,71,1305201,1412,312,1,5138@0;786@3000000;
KDD99_F,2,3450000,0.647955,306485,0,105,1084902,1412,312,1,5138@0;786@3000000;
KDD99_F,2,3500000,0.638699,328643,0,67,1019713,1412,312,1,5138@0;786@3000000;
KDD99_F,2,3550000,0.921305,297817,0,81,1433030,1412,312,1,5138@0;786@3000000;
KDD99_F,2,3600000,0.917766,322801,0,66,1058826,1412,312,1,5138@0;786@3000000;
KDD99_F,2,3650000,0.914561,308690,0,137,1260110,1412,312,1,5138@0;786@3000000;
KDD99_F,2,3700000,0.913149,302529,0,81,1078055,1412,312,1,5138@0;786@3000000;
KDD99_F,2,3750000,0.913081,332069,0,77,1059433,1412,312,1,5138@0;786@3000000;
KDD99_F,2,3800000,0.908792,347049,0,71,1015043,1412,312,1,5138@0;786@3000000;
KDD99_F,2,3850000,0.907118,293833,0,165,1356120,1412,312,1,5138@0;786@3000000;
KDD99_F,2,3900000,0.904972,341147,0,125,1158188,1412,312,1,5138@0;786@3000000;
KDD99_F,2,3950000,0.905079,352802,0,68,1047525,1412,312,1,5138@0;786@3000000;
KDD99_F,2,4000000,0.906232,305842,0,149,1630302,1412,312,1,5138@0;786@3000000;
KDD99_F,2,4050000,0.905116,347268,0,142,1163408,1412,312,1,5138@0;786@3000000;
KDD99_F,2,4100000,0.906273,324754,0,121,1180600,1412,312,1,5138@0;786@3000000;
KDD99_F,2,4150000,0.907403,365647,0,69,1019181,1412,312,1,5138@0;786@3000000;
KDD99_F,2,4200000,0.908505,359328,0,71,1020564,1412,312,1,5138@0;786@3000000;
KDD99_F,2,4250000,0.909581,364648,0,66,1022902,1412,312,1,5138@0;786@3000000;
KDD99_F,2,4300000,0.910633,377526,0,71,1018986,1412,312,1,5138@0;786@3000000;
KDD99_F,2,4350000,0.91166,380129,0,73,1015163,1412,312,1,5138@0;786@3000000;
KDD99_F,2,4400000,0.912664,375334,0,70,1023489,1412,312,1,5138@0;786@3000000;
KDD99_F,2,4450000,0.913645,370575,0,64,1137368,1412,312,1,5138@0;786@3000000;
KDD99_F,2,4500000,0.913531,377261,0,69,1015771,1412,312,1,5138@0;786@3000000;
KDD99_F,2,4550000,0.977972,320327,0,78,1127821,1412,312,1,5138@0;786@3000000;
KDD99_F,2,4600000,0.978192,257694,0,392,2333528,1412,312,1,5138@0;786@3000000;
KDD99_F,2,4650000,0.978427,269027,0,65,1154036,1412,312,1,5138@0;786@3000000;
KDD99_F,2,4700000,0.978656,244272,0,66,1127002,1412,312,1,5138@0;786@3000000;
KDD99_F,2,4750000,0.978881,231466,0,72,1142697,1412,312,1,5138@0;786@3000000;
KDD99_F,2,4800000,0.978805,215787,0,72,1017841,1412,312,1,5138@0;786@3000000;
KDD99_F,2,4850000,0.978595,196508,0,115,1168928,1412,312,1,5138@0;786@3000000;
KDD99_F,2,4898431,0.978756,181474,0,88,1650802,1412,312,1,5138@0;786@3000000;
